,Year(s) Under Review,1972_PR,1972_CL,1972_Status,1973_PR,1973_CL,1973_Status,1974_PR,1974_CL,1974_Status,1975_PR,1975_CL,1975_Status,1976_PR,1976_CL,1976_Status,1977_PR,1977_CL,1977_Status,1978_PR,1978_CL,1978_Status,1979_PR,1979_CL,1979_Status,1980_PR,1980_CL,1980_Status,1981_PR,1981_CL,1981_Status,1982_PR,1982_CL,1982_Status,1983_PR,1983_CL,1983_Status,1984_PR,1984_CL,1984_Status,1985_PR,1985_CL,1985_Status,1986_PR,1986_CL,1986_Status,1987_PR,1987_CL,1987_Status,1988_PR,1988_CL,1988_Status,1989_PR,1989_CL,1989_Status,1990_PR,1990_CL,1990_Status,1991_PR,1991_CL,1991_Status,1992_PR,1992_CL,1992_Status,1993_PR,1993_CL,1993_Status,1994_PR,1994_CL,1994_Status,1995_PR,1995_CL,1995_Status,1996_PR,1996_CL,1996_Status,1997_PR,1997_CL,1997_Status,1998_PR,1998_CL,1998_Status,1999_PR,1999_CL,1999_Status,2000_PR,2000_CL,2000_Status,2001_PR,2001_CL,2001_Status,2002_PR,2002_CL,2002_Status,2003_PR,2003_CL,2003_Status,2004_PR,2004_CL,2004_Status,2005_PR,2005_CL,2005_Status,2006_PR,2006_CL,2006_Status,2007_PR,2007_CL,2007_Status,2008_PR,2008_CL,2008_Status,2009_PR,2009_CL,2009_Status,2010_PR,2010_CL,2010_Status,2011_PR,2011_CL,2011_Status,2012_PR,2012_CL,2012_Status,2013_PR,2013_CL,2013_Status,2014_PR,2014_CL,2014_Status,2015_PR,2015_CL,2015_Status,2016_PR,2016_CL,2016_Status,2017_PR,2017_CL,2017_Status,2018_PR,2018_CL,2018_Status,2019_PR,2019_CL,2019_Status,2020_PR,2020_CL,2020_Status,2021_PR,2021_CL,2021_Status,2022_PR,2022_CL,2022_Status,2023_PR,2023_CL,2023_Status
0,Afghanistan,4,5,PF,7,6,NF,7,6,NF,7,6,NF,7,6,NF,6,6,NF,7,7,NF,7,7,NF,7,7,NF,7,7,NF,7,7,NF,7,7,NF,7,7,NF,7,7,NF,7,7,NF,7,7,NF,6,6,NF,7,7,NF,7,7,NF,7,7,NF,6,6,NF,7,7,NF,7,7,NF,7,7,NF,7,7,NF,7,7,NF,7,7,NF,7,7,NF,7,7,NF,7,7,NF,6,6,NF,6,6,NF,5,6,NF,5,5,PF,5,5,PF,5,5,PF,5,6,NF,6,6,NF,6,6,NF,6,6,NF,6,6,NF,6,6,NF,6,6,NF,6,6,NF,6,6,NF,5,6,NF,5,6,NF,5,6,NF,5,6,NF,7,6,NF,7,7,NF,7,7,NF
1,Albania,7,7,NF,7,7,NF,7,7,NF,7,7,NF,7,7,NF,7,7,NF,7,7,NF,7,7,NF,7,7,NF,7,7,NF,7,7,NF,7,7,NF,7,7,NF,7,7,NF,7,7,NF,7,7,NF,7,7,NF,7,7,NF,7,6,NF,4,4,PF,4,3,PF,2,4,PF,3,4,PF,3,4,PF,4,4,PF,4,4,PF,4,5,PF,4,5,PF,4,5,PF,3,4,PF,3,3,PF,3,3,PF,3,3,PF,3,3,PF,3,3,PF,3,3,PF,3,3,PF,3,3,PF,3,3,PF,3,3,PF,3,3,PF,3,3,PF,3,3,PF,3,3,PF,3,3,PF,3,3,PF,3,3,PF,3,3,PF,3,3,PF,3,3,PF,3,3,PF,3,3,PF
2,Algeria,6,6,NF,6,6,NF,6,6,NF,7,6,NF,6,6,NF,6,6,NF,6,6,NF,6,6,NF,6,6,NF,6,6,NF,6,6,NF,6,6,NF,6,6,NF,6,6,NF,6,6,NF,6,6,NF,5,6,NF,6,4,PF,4,4,PF,4,4,PF,7,6,NF,7,6,NF,7,7,NF,6,6,NF,6,6,NF,6,6,NF,6,5,NF,6,5,NF,6,5,NF,6,5,NF,6,5,NF,6,5,NF,6,5,NF,6,5,NF,6,5,NF,6,5,NF,6,5,NF,6,5,NF,6,5,NF,6,5,NF,6,5,NF,6,5,NF,6,5,NF,6,5,NF,6,5,NF,6,5,NF,6,5,NF,6,5,NF,6,5,NF,6,5,NF,6,5,NF,6,5,NF
3,Andorra,4,3,PF,4,4,PF,4,4,PF,4,4,PF,4,4,PF,-,-,-,-,-,-,-,-,-,-,-,-,-,-,-,-,-,-,-,-,-,-,-,-,-,-,-,-,-,-,-,-,-,-,-,-,-,-,-,-,-,-,-,-,-,-,-,-,2,1,F,1,1,F,1,1,F,1,1,F,1,1,F,1,1,F,1,1,F,1,1,F,1,1,F,1,1,F,1,1,F,1,1,F,1,1,F,1,1,F,1,1,F,1,1,F,1,1,F,1,1,F,1,1,F,1,1,F,1,1,F,1,1,F,1,1,F,1,1,F,1,1,F,1,1,F,1,1,F,1,1,F,1,1,F,1,1,F,1,1,F
4,Angola,NF,NF,NF,NF,NF,NF,NF,NF,NF,NF,NF,NF,6,6,NF,7,7,NF,7,7,NF,7,7,NF,7,7,NF,7,7,NF,7,7,NF,7,7,NF,7,7,NF,7,7,NF,7,7,NF,7,7,NF,7,7,NF,7,7,NF,7,7,NF,6,4,PF,6,6,NF,7,7,NF,7,7,NF,6,6,NF,6,6,NF,6,6,NF,6,6,NF,6,6,NF,6,6,NF,6,6,NF,6,5,NF,6,5,NF,6,5,NF,6,5,NF,6,5,NF,6,5,NF,6,5,NF,6,5,NF,6,5,NF,6,5,NF,6,5,NF,6,5,NF,6,5,NF,6,6,NF,6,6,NF,6,6,NF,6,5,NF,6,5,NF,6,5,NF,6,5,NF,6,5,NF,6,5,NF
5,Antigua and Barbuda,-,-,-,-,-,-,-,-,-,-,-,-,-,-,-,-,-,-,-,-,-,-,-,-,-,-,-,2,2,F,2,2,F,2,3,F,2,3,F,2,3,F,2,3,F,2,3,F,2,3,F,2,3,F,3,2,F,3,3,PF,3,3,PF,4,3,PF,4,3,PF,4,3,PF,4,3,PF,4,3,PF,4,3,PF,4,3,PF,4,2,PF,4,2,PF,4,2,PF,4,2,PF,2,2,F,2,2,F,2,2,F,2,2,F,2,2,F,3,2,F,3,2,F,3,2,F,2,2,F,2,2,F,2,2,F,2,2,F,2,2,F,2,2,F,2,2,F,2,2,F,2,2,F,2,2,F,2,2,F,2,2,F
6,Argentina,6,3,PF,2,2,F,2,4,PF,2,4,PF,6,5,NF,6,6,NF,6,5,NF,6,5,NF,6,5,NF,6,5,NF,6,5,NF,3,3,PF,2,2,F,2,2,F,2,1,F,2,1,F,2,1,F,1,2,F,1,3,F,1,3,F,2,3,F,2,3,F,2,3,F,2,3,F,2,3,F,2,3,F,3,3,F,2,3,F,1,2,F,3,3,PF,3,3,PF,2,2,F,2,2,F,2,2,F,2,2,F,2,2,F,2,2,F,2,2,F,2,2,F,2,2,F,2,2,F,2,2,F,2,2,F,2,2,F,2,2,F,2,2,F,2,2,F,2,2,F,2,2,F,2,2,F,2,2,F,2,2,F
7,Armenia,6,6,NF,6,6,NF,6,6,NF,7,6,NF,7,6,NF,7,6,NF,6,6,NF,6,6,NF,6,7,NF,6,7,NF,6,7,NF,6,7,NF,7,7,NF,7,7,NF,7,7,NF,7,6,NF,6,5,NF,6,5,NF,5,4,PF,5,5,PF,4,3,PF,3,4,PF,3,4,PF,4,4,PF,5,4,PF,5,4,PF,4,4,PF,4,4,PF,4,4,PF,4,4,PF,4,4,PF,4,4,PF,5,4,PF,5,4,PF,5,4,PF,5,4,PF,6,4,PF,6,4,PF,6,4,PF,6,4,PF,5,4,PF,5,4,PF,5,4,PF,5,4,PF,5,4,PF,5,4,PF,4,4,PF,4,4,PF,4,4,PF,4,4,PF,4,4,PF,4,4,PF
8,Australia,1,1,F,1,1,F,1,1,F,1,1,F,1,1,F,1,1,F,1,1,F,1,1,F,1,1,F,1,1,F,1,1,F,1,1,F,1,1,F,1,1,F,1,1,F,1,1,F,1,1,F,1,1,F,1,1,F,1,1,F,1,1,F,1,1,F,1,1,F,1,1,F,1,1,F,1,1,F,1,1,F,1,1,F,1,1,F,1,1,F,1,1,F,1,1,F,1,1,F,1,1,F,1,1,F,1,1,F,1,1,F,1,1,F,1,1,F,1,1,F,1,1,F,1,1,F,1,1,F,1,1,F,1,1,F,1,1,F,1,1,F,1,1,F,1,1,F,1,1,F,1,1,F,1,1,F
9,Austria,1,1,F,1,1,F,1,1,F,1,1,F,1,1,F,1,1,F,1,1,F,1,1,F,1,1,F,1,1,F,1,1,F,1,1,F,1,1,F,1,1,F,1,1,F,1,1,F,1,1,F,1,1,F,1,1,F,1,1,F,1,1,F,1,1,F,1,1,F,1,1,F,1,1,F,1,1,F,1,1,F,1,1,F,1,1,F,1,1,F,1,1,F,1,1,F,1,1,F,1,1,F,1,1,F,1,1,F,1,1,F,1,1,F,1,1,F,1,1,F,1,1,F,1,1,F,1,1,F,1,1,F,1,1,F,1,1,F,1,1,F,1,1,F,1,1,F,1,1,F,1,1,F,1,1,F
10,Azerbaijan,6,6,NF,6,6,NF,6,6,NF,7,6,NF,7,6,NF,7,6,NF,6,6,NF,6,6,NF,6,7,NF,6,7,NF,6,7,NF,6,7,NF,7,7,NF,7,7,NF,7,7,NF,7,6,NF,6,5,NF,6,5,NF,5,4,PF,5,5,PF,5,5,PF,6,6,NF,6,6,NF,6,6,NF,6,5,NF,6,4,PF,6,4,PF,6,4,PF,6,5,PF,6,5,PF,6,5,PF,6,5,NF,6,5,NF,6,5,NF,6,5,NF,6,5,NF,6,5,NF,6,5,NF,6,5,NF,6,5,NF,6,5,NF,6,6,NF,6,6,NF,7,6,NF,7,6,NF,7,6,NF,7,6,NF,7,6,NF,7,6,NF,7,7,NF,7,7,NF,7,7,NF
11,The Bahamas,-,-,-,1,2,F,1,2,F,1,2,F,1,2,F,1,2,F,1,2,F,1,2,F,1,2,F,1,2,F,1,2,F,2,2,F,2,2,F,2,2,F,2,2,F,2,3,F,2,3,F,2,3,F,2,3,F,2,3,F,1,2,F,1,2,F,1,2,F,1,2,F,1,2,F,1,2,F,1,2,F,1,1,F,1,1,F,1,1,F,1,1,F,1,1,F,1,1,F,1,1,F,1,1,F,1,1,F,1,1,F,1,1,F,1,1,F,1,1,F,1,1,F,1,1,F,1,1,F,1,1,F,1,1,F,1,1,F,1,1,F,1,1,F,1,1,F,1,1,F,1,1,F,1,1,F
12,Bahrain,6,5,NF,6,5,NF,4,4,PF,6,4,PF,6,4,PF,6,4,PF,6,4,PF,5,4,PF,5,5,PF,5,5,PF,5,5,PF,5,5,PF,5,5,PF,5,5,PF,5,5,PF,5,5,PF,5,5,PF,6,5,PF,6,5,PF,6,5,PF,6,5,PF,6,6,NF,6,6,NF,6,6,NF,7,6,NF,7,6,NF,7,6,NF,7,6,NF,7,6,NF,6,5,NF,5,5,PF,5,5,PF,5,5,PF,5,5,PF,5,5,PF,5,5,PF,5,5,PF,6,5,NF,6,5,NF,6,6,NF,6,6,NF,6,6,NF,7,6,NF,7,6,NF,7,6,NF,7,6,NF,7,6,NF,7,6,NF,7,6,NF,7,6,NF,7,6,NF,7,6,NF
13,Bangladesh,2,4,PF,4,4,PF,4,4,PF,7,5,NF,7,4,PF,6,4,PF,4,4,PF,3,3,PF,3,4,PF,5,5,PF,5,5,PF,6,5,PF,6,5,PF,5,5,PF,4,5,PF,4,5,PF,4,5,PF,4,4,PF,5,5,PF,2,3,F,2,3,F,2,4,PF,2,4,PF,3,4,PF,2,4,PF,2,4,PF,2,4,PF,3,4,PF,3,4,PF,3,4,PF,4,4,PF,4,4,PF,4,4,PF,4,4,PF,4,4,PF,5,4,PF,4,4,PF,3,4,PF,3,4,PF,3,4,PF,3,4,PF,3,4,PF,4,4,PF,4,4,PF,4,4,PF,4,4,PF,5,5,PF,5,5,PF,5,5,PF,5,5,PF,5,5,PF,5,5,PF
14,Barbados,1,1,F,1,1,F,1,1,F,1,1,F,1,1,F,1,1,F,1,1,F,1,1,F,1,1,F,1,1,F,1,1,F,1,1,F,1,2,F,1,2,F,1,1,F,1,1,F,1,1,F,1,1,F,1,1,F,1,1,F,1,1,F,1,1,F,1,1,F,1,1,F,1,1,F,1,1,F,1,1,F,1,1,F,1,1,F,1,1,F,1,1,F,1,1,F,1,1,F,1,1,F,1,1,F,1,1,F,1,1,F,1,1,F,1,1,F,1,1,F,1,1,F,1,1,F,1,1,F,1,1,F,1,1,F,1,1,F,1,1,F,1,1,F,1,1,F,1,1,F,1,1,F,1,1,F
15,Belarus,6,6,NF,6,6,NF,6,6,NF,7,6,NF,7,6,NF,7,6,NF,6,6,NF,6,6,NF,6,7,NF,6,7,NF,6,7,NF,6,7,NF,7,7,NF,7,7,NF,7,7,NF,7,6,NF,6,5,NF,6,5,NF,5,4,PF,4,4,PF,4,3,PF,5,4,PF,4,4,PF,5,5,PF,6,6,NF,6,6,NF,6,6,NF,6,6,NF,6,6,NF,6,6,NF,6,6,NF,6,6,NF,7,6,NF,7,6,NF,7,6,NF,7,6,NF,7,6,NF,7,6,NF,7,6,NF,7,6,NF,7,6,NF,7,6,NF,7,6,NF,7,6,NF,7,6,NF,6,6,NF,7,6,NF,7,6,NF,7,6,NF,7,7,NF,7,7,NF,7,7,NF
16,Belgium,1,1,F,1,1,F,1,1,F,1,1,F,1,1,F,1,1,F,1,1,F,1,1,F,1,1,F,1,1,F,1,1,F,1,1,F,1,1,F,1,1,F,1,1,F,1,1,F,1,1,F,1,1,F,1,1,F,1,1,F,1,1,F,1,1,F,1,1,F,1,1,F,1,2,F,1,2,F,1,2,F,1,2,F,1,2,F,1,2,F,1,1,F,1,1,F,1,1,F,1,1,F,1,1,F,1,1,F,1,1,F,1,1,F,1,1,F,1,1,F,1,1,F,1,1,F,1,1,F,1,1,F,1,1,F,1,1,F,1,1,F,1,1,F,1,1,F,1,1,F,1,1,F,1,1,F
17,Belize,-,-,-,-,-,-,-,-,-,-,-,-,-,-,-,-,-,-,-,-,-,-,-,-,-,-,-,1,2,F,1,2,F,1,2,F,2,1,F,1,1,F,1,1,F,1,1,F,1,2,F,1,2,F,1,2,F,1,1,F,1,1,F,1,1,F,1,1,F,1,1,F,1,1,F,1,1,F,1,1,F,1,1,F,1,1,F,1,2,F,1,2,F,1,2,F,1,2,F,1,2,F,1,2,F,1,2,F,1,2,F,1,2,F,1,2,F,1,2,F,1,2,F,1,2,F,1,2,F,1,2,F,1,2,F,1,2,F,1,2,F,2,2,F,2,1,F,2,1,F,2,1,F,2,1,F
18,Benin,7,5,NF,7,5,NF,7,6,NF,7,7,NF,7,7,NF,7,7,NF,7,7,NF,7,6,NF,7,6,NF,7,6,NF,7,6,NF,7,6,NF,7,7,NF,7,7,NF,7,7,NF,7,7,NF,7,7,NF,7,7,NF,6,4,PF,2,3,F,2,3,F,2,3,F,2,3,F,2,2,F,2,2,F,2,2,F,2,2,F,2,3,F,2,2,F,3,2,F,3,2,F,2,2,F,2,2,F,2,2,F,2,2,F,2,2,F,2,2,F,2,2,F,2,2,F,2,2,F,2,2,F,2,2,F,2,2,F,2,2,F,2,2,F,2,2,F,2,2,F,4,2,PF,4,2,PF,5,3,PF,5,3,PF,4,3,PF
19,Bhutan,4,4,PF,4,4,PF,4,4,PF,4,4,PF,4,4,PF,4,4,PF,5,5,PF,5,5,PF,5,5,PF,5,5,PF,5,5,PF,5,5,PF,5,5,PF,5,5,PF,5,5,PF,5,5,PF,5,5,PF,6,5,PF,6,5,PF,6,5,PF,7,6,NF,7,7,NF,7,7,NF,7,7,NF,7,7,NF,7,7,NF,7,6,NF,7,6,NF,7,6,NF,7,6,NF,6,5,NF,6,5,NF,6,5,NF,6,5,NF,6,5,NF,6,5,NF,4,5,PF,4,5,PF,4,5,PF,4,5,PF,4,5,PF,3,4,PF,3,4,PF,3,4,PF,3,4,PF,3,4,PF,3,4,PF,3,4,PF,2,4,PF,3,4,PF,3,4,PF,2,4,PF
20,Bolivia,5,4,PF,5,4,PF,6,5,NF,6,5,NF,6,4,PF,6,4,PF,5,3,PF,3,3,PF,7,5,NF,7,4,PF,7,4,PF,2,3,F,2,3,F,2,3,F,2,3,F,2,3,F,2,3,F,2,3,F,2,3,F,2,3,F,2,3,F,2,3,F,2,3,F,2,4,PF,2,3,F,1,3,F,1,3,F,1,3,F,1,3,F,1,3,F,2,3,F,3,3,PF,3,3,PF,3,3,PF,3,3,PF,3,3,PF,3,3,PF,3,3,PF,3,3,PF,3,3,PF,3,3,PF,3,3,PF,3,3,PF,3,3,PF,3,3,PF,3,3,PF,3,3,PF,3,3,PF,3,3,PF,3,3,PF,3,3,PF,3,3,PF
21,Bosnia and Herzegovina,6,6,NF,6,6,NF,6,6,NF,6,6,NF,6,6,NF,6,5,NF,6,5,NF,6,5,NF,6,5,NF,6,5,NF,6,5,NF,6,5,PF,6,5,PF,6,5,PF,6,5,PF,6,5,PF,5,5,PF,5,4,PF,5,4,PF,6,5,NF,6,5,PF,6,6,NF,6,6,NF,6,6,NF,5,5,PF,5,5,PF,5,5,PF,5,5,PF,5,4,PF,5,4,PF,4,4,PF,4,4,PF,4,3,PF,4,3,PF,3,3,PF,4,3,PF,4,3,PF,4,3,PF,4,3,PF,4,3,PF,3,3,PF,3,3,PF,4,3,PF,4,3,PF,4,4,PF,4,4,PF,4,4,PF,4,4,PF,4,4,PF,4,4,PF,4,4,PF,5,4,PF
22,Botswana,3,4,PF,2,3,F,2,3,F,2,3,F,2,3,F,2,3,F,2,3,F,2,2,F,2,3,F,2,3,F,2,3,F,2,3,F,2,3,F,2,3,F,2,3,F,2,3,F,2,3,F,1,2,F,1,2,F,1,2,F,1,2,F,2,3,F,2,3,F,2,2,F,2,2,F,2,2,F,2,2,F,2,2,F,2,2,F,2,2,F,2,2,F,2,2,F,2,2,F,2,2,F,2,2,F,2,2,F,2,2,F,3,2,F,3,2,F,3,2,F,3,2,F,3,2,F,3,2,F,3,2,F,3,2,F,3,2,F,3,2,F,3,2,F,3,2,F,3,2,F,3,2,F,3,2,F
23,Brazil,5,5,PF,5,5,PF,4,4,PF,4,5,PF,4,5,PF,4,5,PF,4,4,PF,4,3,PF,4,3,PF,4,3,PF,4,3,PF,3,3,PF,3,3,PF,3,2,F,2,2,F,2,2,F,2,3,F,2,2,F,2,3,F,2,3,F,2,3,F,3,4,PF,2,4,PF,2,4,PF,2,4,PF,3,4,PF,3,4,PF,3,4,PF,3,3,PF,3,3,PF,2,3,F,2,3,F,2,3,F,2,2,F,2,2,F,2,2,F,2,2,F,2,2,F,2,2,F,2,2,F,2,2,F,2,2,F,2,2,F,2,2,F,2,2,F,2,2,F,2,2,F,2,2,F,2,3,F,2,3,F,2,3,F,2,3,F
24,Brunei,6,5,NF,6,5,NF,6,5,NF,6,5,NF,6,5,NF,-,-,-,-,-,-,-,-,-,-,-,-,-,-,-,-,-,-,-,-,-,6,6,NF,6,5,PF,6,5,PF,6,5,PF,6,6,NF,6,6,NF,6,5,NF,6,5,NF,7,6,NF,7,6,NF,7,6,NF,7,5,NF,7,5,NF,7,5,NF,7,5,NF,7,5,NF,7,5,NF,7,5,NF,6,5,NF,6,5,NF,6,5,NF,6,5,NF,6,5,NF,6,5,NF,6,5,NF,6,5,NF,6,5,NF,6,5,NF,6,5,NF,6,5,NF,6,5,NF,6,5,NF,6,5,NF,6,5,NF,6,5,NF,6,5,NF,6,5,NF,6,5,NF,6,5,NF,6,5,NF
25,Bulgaria,7,7,NF,7,7,NF,7,7,NF,7,7,NF,7,7,NF,7,7,NF,7,7,NF,7,7,NF,7,7,NF,7,7,NF,7,7,NF,7,7,NF,7,7,NF,7,7,NF,7,7,NF,7,7,NF,7,7,NF,7,7,NF,3,4,PF,2,3,F,2,3,F,2,2,F,2,2,F,2,2,F,2,3,F,2,3,F,2,3,F,2,3,F,2,3,F,1,3,F,1,2,F,1,2,F,1,2,F,1,2,F,1,2,F,1,2,F,2,2,F,2,2,F,2,2,F,2,2,F,2,2,F,2,2,F,2,2,F,2,2,F,2,2,F,2,2,F,2,2,F,2,2,F,2,2,F,2,2,F,2,2,F,2,2,F
26,Burkina Faso,3,4,PF,3,4,PF,6,4,PF,6,4,PF,5,5,PF,5,4,PF,2,3,F,2,3,F,6,5,PF,6,5,PF,6,5,PF,6,5,PF,7,5,NF,7,6,NF,7,6,NF,7,6,NF,7,6,NF,6,5,NF,6,5,NF,6,5,NF,5,5,PF,5,4,PF,5,4,PF,5,4,PF,5,4,PF,5,4,PF,5,4,PF,4,4,PF,4,4,PF,4,4,PF,4,4,PF,4,4,PF,5,4,PF,5,3,PF,5,3,PF,5,3,PF,5,3,PF,5,3,PF,5,3,PF,5,3,PF,5,3,PF,5,3,PF,6,3,PF,4,3,PF,4,3,PF,4,3,PF,4,3,PF,4,4,PF,4,4,PF,4,4,PF,7,4,NF,7,5,NF
27,Burundi,7,7,NF,7,7,NF,7,7,NF,7,6,NF,7,6,NF,7,6,NF,7,7,NF,7,7,NF,7,6,NF,7,6,NF,7,6,NF,6,6,NF,7,6,NF,7,6,NF,7,6,NF,7,6,NF,7,6,NF,7,6,NF,7,6,NF,7,6,NF,6,5,PF,7,7,NF,6,7,NF,6,7,NF,7,7,NF,7,7,NF,7,6,NF,6,6,NF,6,6,NF,6,6,NF,6,5,NF,5,5,PF,5,5,PF,3,5,PF,4,5,PF,4,5,PF,4,5,PF,4,5,PF,5,5,PF,5,5,PF,5,5,PF,5,5,PF,6,5,NF,7,6,NF,7,6,NF,7,6,NF,7,6,NF,7,6,NF,7,6,NF,7,6,NF,7,6,NF,7,6,NF
28,Cabo Verde,-,-,-,-,-,-,-,-,-,5,5,PF,6,6,NF,6,6,NF,6,6,NF,6,6,NF,6,6,NF,6,6,NF,6,6,NF,6,6,NF,6,7,NF,6,7,NF,6,6,NF,5,6,PF,5,6,NF,6,5,NF,5,5,PF,2,3,F,1,2,F,1,2,F,1,2,F,1,2,F,1,2,F,1,2,F,1,2,F,1,2,F,1,2,F,1,2,F,1,2,F,1,1,F,1,1,F,1,1,F,1,1,F,1,1,F,1,1,F,1,1,F,1,1,F,1,1,F,1,1,F,1,1,F,1,1,F,1,1,F,1,1,F,1,1,F,1,1,F,1,1,F,1,1,F,1,1,F,1,1,F,1,1,F
29,Cambodia,6,5,NF,6,5,NF,6,6,NF,7,7,NF,7,7,NF,7,7,NF,7,7,NF,7,7,NF,7,7,NF,7,7,NF,7,7,NF,7,7,NF,7,7,NF,7,7,NF,7,7,NF,7,7,NF,7,7,NF,7,7,NF,7,7,NF,6,6,NF,6,6,NF,4,5,PF,4,5,PF,6,6,NF,6,6,NF,7,6,NF,6,6,NF,6,6,NF,6,6,NF,6,5,NF,6,5,NF,6,5,NF,6,5,NF,6,5,NF,6,5,NF,6,5,NF,6,5,NF,6,5,NF,6,5,NF,6,5,NF,6,5,NF,6,5,NF,6,5,NF,6,5,NF,6,5,NF,6,5,NF,6,5,NF,7,5,NF,7,5,NF,7,5,NF,7,5,NF,7,5,NF
30,Cameroon,6,4,PF,6,4,PF,6,4,PF,6,4,PF,7,5,NF,6,5,NF,6,6,NF,6,6,NF,6,6,NF,6,6,NF,6,6,NF,6,6,NF,6,7,NF,6,7,NF,6,6,NF,6,6,NF,6,6,NF,6,6,NF,6,6,NF,6,6,NF,6,5,NF,6,5,NF,6,5,NF,7,5,NF,7,5,NF,7,5,NF,7,5,NF,7,6,NF,7,6,NF,6,6,NF,6,6,NF,6,6,NF,6,6,NF,6,6,NF,6,6,NF,6,6,NF,6,6,NF,6,6,NF,6,6,NF,6,6,NF,6,6,NF,6,6,NF,6,6,NF,6,6,NF,6,6,NF,6,6,NF,6,6,NF,6,6,NF,6,6,NF,6,6,NF,6,6,NF,6,6,NF
31,Canada,1,1,F,1,1,F,1,1,F,1,1,F,1,1,F,1,1,F,1,1,F,1,1,F,1,1,F,1,1,F,1,1,F,1,1,F,1,1,F,1,1,F,1,1,F,1,1,F,1,1,F,1,1,F,1,1,F,1,1,F,1,1,F,1,1,F,1,1,F,1,1,F,1,1,F,1,1,F,1,1,F,1,1,F,1,1,F,1,1,F,1,1,F,1,1,F,1,1,F,1,1,F,1,1,F,1,1,F,1,1,F,1,1,F,1,1,F,1,1,F,1,1,F,1,1,F,1,1,F,1,1,F,1,1,F,1,1,F,1,1,F,1,1,F,1,1,F,1,1,F,1,1,F,1,1,F
32,Central African Republic,7,7,NF,7,7,NF,7,7,NF,7,7,NF,7,7,NF,7,7,NF,7,7,NF,7,6,NF,7,5,NF,7,5,NF,7,5,NF,7,5,NF,7,6,NF,7,6,NF,7,6,NF,6,6,NF,6,6,NF,6,6,NF,6,5,NF,6,5,PF,6,5,PF,3,4,PF,3,4,PF,3,4,PF,3,5,PF,3,5,PF,3,4,PF,3,4,PF,3,4,PF,5,5,PF,5,5,PF,7,5,NF,6,5,NF,5,4,PF,5,4,PF,5,5,PF,5,5,PF,5,5,PF,5,5,PF,5,5,PF,5,5,PF,7,7,NF,7,7,NF,7,7,NF,7,7,NF,7,7,NF,7,7,NF,7,7,NF,7,7,NF,7,7,NF,7,7,NF,7,7,NF
33,Chad,6,7,NF,6,7,NF,6,7,NF,7,6,NF,7,6,NF,7,6,NF,6,6,NF,6,6,NF,7,6,NF,7,6,NF,7,6,NF,7,6,NF,7,7,NF,7,7,NF,7,7,NF,6,7,NF,6,7,NF,7,6,NF,7,6,NF,6,6,NF,6,6,NF,6,5,NF,6,5,NF,6,5,NF,6,5,NF,6,5,NF,6,4,NF,6,5,NF,6,5,NF,6,5,NF,6,5,NF,6,5,NF,6,5,NF,6,5,NF,6,6,NF,7,6,NF,7,6,NF,7,6,NF,7,6,NF,7,6,NF,7,6,NF,7,6,NF,7,6,NF,7,6,NF,7,6,NF,7,6,NF,7,6,NF,7,6,NF,7,6,NF,7,6,NF,7,6,NF,7,6,NF
34,Chile,1,2,F,7,5,NF,7,5,NF,7,5,NF,7,5,NF,7,5,NF,6,5,NF,6,5,PF,6,5,PF,6,5,PF,6,5,PF,6,5,PF,6,5,PF,6,5,PF,6,5,PF,6,5,PF,5,4,PF,4,3,PF,2,2,F,2,2,F,2,2,F,2,2,F,2,2,F,2,2,F,2,2,F,2,2,F,3,2,F,2,2,F,2,2,F,2,2,F,2,1,F,1,1,F,1,1,F,1,1,F,1,1,F,1,1,F,1,1,F,1,1,F,1,1,F,1,1,F,1,1,F,1,1,F,1,1,F,1,1,F,1,1,F,1,1,F,1,1,F,1,2,F,1,1,F,1,1,F,1,1,F,1,1,F
35,China,7,7,NF,7,7,NF,7,7,NF,7,7,NF,7,7,NF,6,6,NF,6,6,NF,6,6,NF,6,6,NF,6,6,NF,6,6,NF,6,6,NF,6,6,NF,6,6,NF,6,6,NF,6,6,NF,6,6,NF,7,7,NF,7,7,NF,7,7,NF,7,7,NF,7,7,NF,7,7,NF,7,7,NF,7,7,NF,7,7,NF,7,6,NF,7,6,NF,7,6,NF,7,6,NF,7,6,NF,7,6,NF,7,6,NF,7,6,NF,7,6,NF,7,6,NF,7,6,NF,7,6,NF,7,6,NF,7,6,NF,7,6,NF,7,6,NF,7,6,NF,7,6,NF,7,6,NF,7,6,NF,7,6,NF,7,6,NF,7,6,NF,7,6,NF,7,6,NF,7,6,NF
36,Colombia,2,2,F,2,2,F,2,2,F,2,3,F,2,3,F,2,3,F,2,3,F,2,3,F,2,3,F,2,3,F,2,3,F,2,3,F,2,3,F,2,3,F,2,3,F,2,3,F,2,3,F,3,4,PF,3,4,PF,2,4,PF,2,4,PF,2,4,PF,3,4,PF,4,4,PF,4,4,PF,4,4,PF,3,4,PF,4,4,PF,4,4,PF,4,4,PF,4,4,PF,4,4,PF,4,4,PF,3,3,PF,3,3,PF,3,3,PF,3,4,PF,3,4,PF,3,4,PF,3,4,PF,3,4,PF,3,4,PF,3,4,PF,3,4,PF,3,3,PF,3,3,PF,3,3,PF,3,3,PF,3,3,PF,3,3,PF,2,3,F,2,3,F
37,Comoros,-,-,-,-,-,-,-,-,-,5,2,PF,5,3,PF,4,4,PF,5,4,PF,4,5,PF,4,5,PF,4,5,PF,4,5,PF,4,4,PF,5,5,PF,6,6,NF,6,6,NF,6,6,NF,6,6,NF,6,5,NF,5,5,PF,4,3,PF,4,2,PF,4,4,PF,4,4,PF,4,4,PF,4,4,PF,5,4,PF,5,4,PF,6,4,PF,6,4,PF,6,4,PF,5,4,PF,5,4,PF,4,4,PF,4,4,PF,3,4,PF,4,4,PF,3,4,PF,3,4,PF,3,4,PF,3,4,PF,3,4,PF,3,4,PF,3,4,PF,3,4,PF,3,4,PF,3,4,PF,4,4,PF,4,4,PF,5,4,PF,5,4,PF,5,4,PF,5,4,PF
38,Republic of Congo,7,7,NF,5,6,PF,5,6,PF,5,6,PF,5,6,PF,7,6,NF,7,7,NF,7,7,NF,7,6,NF,7,6,NF,7,6,NF,7,6,NF,7,6,NF,7,6,NF,7,6,NF,7,6,NF,7,6,NF,7,6,NF,6,6,NF,6,4,PF,3,3,PF,3,3,PF,4,4,PF,4,4,PF,4,4,PF,7,5,NF,7,5,NF,6,5,NF,6,4,PF,5,4,PF,6,4,PF,5,4,PF,5,4,PF,5,5,PF,6,5,NF,6,5,NF,6,5,NF,6,5,NF,6,5,NF,6,5,NF,6,5,NF,6,5,NF,6,5,NF,6,5,NF,7,5,NF,7,5,NF,7,5,NF,7,5,NF,7,5,NF,7,6,NF,7,6,NF,7,6,NF
39,Democratic Republic of the Congo,7,6,NF,7,6,NF,7,6,NF,7,7,NF,7,6,NF,6,6,NF,6,6,NF,6,6,NF,6,6,NF,6,6,NF,6,6,NF,6,7,NF,6,7,NF,7,7,NF,7,7,NF,6,7,NF,6,7,NF,7,6,NF,6,6,NF,6,5,NF,6,5,NF,7,6,NF,7,6,NF,7,6,NF,7,6,NF,7,6,NF,7,6,NF,7,6,NF,7,6,NF,6,6,NF,6,6,NF,6,6,NF,6,6,NF,6,6,NF,5,6,NF,5,6,NF,6,6,NF,6,6,NF,6,6,NF,6,6,NF,6,6,NF,6,6,NF,6,6,NF,6,6,NF,7,6,NF,7,6,NF,7,6,NF,7,6,NF,7,6,NF,7,6,NF,7,6,NF,7,6,NF
40,Costa Rica,1,1,F,1,1,F,1,1,F,1,1,F,1,1,F,1,1,F,1,1,F,1,1,F,1,1,F,1,1,F,1,1,F,1,1,F,1,1,F,1,1,F,1,1,F,1,1,F,1,1,F,1,1,F,1,1,F,1,1,F,1,1,F,1,2,F,1,2,F,1,2,F,1,2,F,1,2,F,1,2,F,1,2,F,1,2,F,1,2,F,1,2,F,1,2,F,1,1,F,1,1,F,1,1,F,1,1,F,1,1,F,1,1,F,1,1,F,1,1,F,1,1,F,1,1,F,1,1,F,1,1,F,1,1,F,1,1,F,1,1,F,1,1,F,1,1,F,1,1,F,1,1,F,1,1,F
41,Ivory Coast,6,6,NF,6,6,NF,6,6,NF,6,5,NF,6,5,NF,6,5,NF,6,5,PF,6,5,PF,5,5,PF,5,5,PF,5,5,PF,5,5,PF,6,5,PF,6,5,PF,6,5,PF,6,5,PF,6,6,NF,6,5,PF,6,4,PF,6,4,PF,6,4,PF,6,5,NF,6,5,NF,6,5,NF,6,5,NF,6,4,NF,6,4,NF,6,5,PF,6,5,PF,5,4,PF,6,6,NF,6,5,NF,6,6,NF,6,6,NF,7,6,NF,7,5,NF,6,5,NF,6,5,NF,7,6,NF,6,6,NF,5,5,PF,5,4,PF,5,4,PF,4,4,PF,4,4,PF,4,4,PF,4,4,PF,4,4,PF,5,4,PF,4,4,PF,4,4,PF,4,4,PF
42,Croatia,6,6,NF,6,6,NF,6,6,NF,6,6,NF,6,6,NF,6,5,NF,6,5,NF,6,5,NF,6,5,NF,6,5,NF,6,5,NF,6,5,PF,6,5,PF,6,5,PF,6,5,PF,6,5,PF,5,5,PF,5,4,PF,5,4,PF,6,5,NF,6,5,PF,6,6,NF,4,4,PF,4,4,PF,4,4,PF,4,4,PF,4,4,PF,4,4,PF,2,3,F,2,2,F,2,2,F,2,2,F,2,2,F,2,2,F,2,2,F,2,2,F,2,2,F,1,2,F,1,2,F,1,2,F,1,2,F,1,2,F,1,2,F,1,2,F,1,2,F,1,2,F,1,2,F,1,2,F,1,2,F,1,2,F,2,2,F,2,2,F
43,Cuba,7,7,NF,7,7,NF,7,7,NF,7,7,NF,7,6,NF,6,6,NF,6,6,NF,6,6,NF,6,6,NF,6,6,NF,6,6,NF,6,6,NF,6,6,NF,6,6,NF,6,6,NF,6,6,NF,7,6,NF,7,7,NF,7,7,NF,7,7,NF,7,7,NF,7,7,NF,7,7,NF,7,7,NF,7,7,NF,7,7,NF,7,7,NF,7,7,NF,7,7,NF,7,7,NF,7,7,NF,7,7,NF,7,7,NF,7,7,NF,7,7,NF,7,7,NF,7,6,NF,7,6,NF,7,6,NF,7,6,NF,7,6,NF,7,6,NF,7,6,NF,7,6,NF,7,6,NF,7,6,NF,7,6,NF,7,6,NF,7,6,NF,7,6,NF,7,6,NF,7,6,NF
44,Cyprus,2,3,F,2,3,F,4,4,PF,4,4,PF,3,4,PF,3,4,PF,3,4,PF,3,3,PF,3,3,PF,1,2,F,1,2,F,1,2,F,1,2,F,1,2,F,1,2,F,1,2,F,1,2,F,1,1,F,1,1,F,1,1,F,1,1,F,1,1,F,1,1,F,1,1,F,1,1,F,1,1,F,1,1,F,1,1,F,1,1,F,1,1,F,1,1,F,1,1,F,1,1,F,1,1,F,1,1,F,1,1,F,1,1,F,1,1,F,1,1,F,1,1,F,1,1,F,1,1,F,1,1,F,1,1,F,1,1,F,1,1,F,1,1,F,1,1,F,1,1,F,1,1,F,1,1,F,1,1,F
45,Czech Republic,7,7,NF,7,7,NF,7,7,NF,7,6,NF,7,6,NF,7,6,NF,7,6,NF,7,6,NF,7,6,NF,7,6,NF,7,6,NF,7,6,NF,7,6,NF,7,6,NF,7,6,NF,7,6,NF,7,6,NF,6,6,NF,2,2,F,2,2,F,2,2,F,1,2,F,1,2,F,1,2,F,1,2,F,1,2,F,1,2,F,1,2,F,1,2,F,1,2,F,1,2,F,1,2,F,1,1,F,1,1,F,1,1,F,1,1,F,1,1,F,1,1,F,1,1,F,1,1,F,1,1,F,1,1,F,1,1,F,1,1,F,1,1,F,1,1,F,1,1,F,1,1,F,1,1,F,1,1,F,1,1,F,1,1,F
46,Czechoslovakia,7,7,NF,7,7,NF,7,7,NF,7,6,NF,7,6,NF,7,6,NF,7,6,NF,7,6,NF,7,6,NF,7,6,NF,7,6,NF,7,6,NF,7,6,NF,7,6,NF,7,6,NF,7,6,NF,7,6,NF,6,6,NF,2,2,F,2,2,F,2,2,F,-,-,-,-,-,-,-,-,-,-,-,-,-,-,-,-,-,-,-,-,-,-,-,-,-,-,-,-,-,-,-,-,-,-,-,-,-,-,-,-,-,-,-,-,-,-,-,-,-,-,-,-,-,-,-,-,-,-,-,-,-,-,-,-,-,-,-,-,-,-,-,-,-,-,-,-,-,-,-,-,-,-,-,-,-,-,-,-,-,-,-,-,-
47,Denmark,1,1,F,1,1,F,1,1,F,1,1,F,1,1,F,1,1,F,1,1,F,1,1,F,1,1,F,1,1,F,1,1,F,1,1,F,1,1,F,1,1,F,1,1,F,1,1,F,1,1,F,1,1,F,1,1,F,1,1,F,1,1,F,1,1,F,1,1,F,1,1,F,1,1,F,1,1,F,1,1,F,1,1,F,1,1,F,1,1,F,1,1,F,1,1,F,1,1,F,1,1,F,1,1,F,1,1,F,1,1,F,1,1,F,1,1,F,1,1,F,1,1,F,1,1,F,1,1,F,1,1,F,1,1,F,1,1,F,1,1,F,1,1,F,1,1,F,1,1,F,1,1,F,1,1,F
48,Djibouti,-,-,-,-,-,-,-,-,-,-,-,-,-,-,-,3,4,PF,3,4,PF,3,4,PF,3,4,PF,5,6,NF,5,6,NF,5,6,NF,5,6,PF,6,6,NF,6,6,NF,6,6,NF,6,6,NF,6,5,NF,6,5,NF,6,5,NF,6,6,NF,6,6,NF,6,6,NF,5,6,NF,5,6,NF,5,6,NF,5,6,NF,4,6,PF,4,5,PF,4,5,PF,4,5,PF,5,5,PF,5,5,PF,5,5,PF,5,5,PF,5,5,PF,5,5,PF,5,5,PF,6,5,NF,6,5,NF,6,5,NF,6,5,NF,6,5,NF,6,5,NF,6,5,NF,6,5,NF,6,5,NF,7,5,NF,7,5,NF,7,5,NF,7,5,NF,7,5,NF
49,Dominica,-,-,-,-,-,-,-,-,-,-,-,-,-,-,-,-,-,-,2,3,F,2,2,F,2,2,F,2,2,F,2,2,F,2,2,F,2,2,F,2,2,F,2,2,F,2,2,F,2,2,F,2,1,F,2,1,F,2,1,F,2,1,F,2,1,F,2,1,F,1,1,F,1,1,F,1,1,F,1,1,F,1,1,F,1,1,F,1,1,F,1,1,F,1,1,F,1,1,F,1,1,F,1,1,F,1,1,F,1,1,F,1,1,F,1,1,F,1,1,F,1,1,F,1,1,F,1,1,F,1,1,F,1,1,F,1,1,F,1,1,F,1,1,F,1,1,F,1,1,F,1,1,F,1,1,F
50,Dominican Republic,3,2,F,3,2,F,4,2,PF,4,2,PF,4,3,PF,4,2,PF,2,2,F,2,3,F,2,3,F,1,2,F,1,2,F,1,2,F,1,3,F,1,3,F,1,3,F,1,3,F,1,3,F,1,3,F,2,3,F,2,3,F,2,3,F,3,3,PF,4,3,PF,4,3,PF,3,3,PF,3,3,PF,2,3,F,2,3,F,2,2,F,2,2,F,2,2,F,3,2,F,2,2,F,2,2,F,2,2,F,2,2,F,2,2,F,2,2,F,2,2,F,2,2,F,2,2,F,2,3,F,2,3,F,3,3,PF,3,3,PF,3,3,PF,3,3,PF,3,3,PF,3,3,PF,3,3,PF,3,3,PF,3,3,PF
51,Ecuador,7,3,PF,7,4,PF,7,4,PF,7,4,PF,6,4,PF,6,4,PF,5,4,PF,2,2,F,2,2,F,2,2,F,2,2,F,2,2,F,2,2,F,2,3,F,2,3,F,2,3,F,2,2,F,2,2,F,2,2,F,2,3,F,2,3,F,2,3,F,2,3,F,2,3,F,2,4,PF,3,3,PF,2,3,F,2,3,F,3,3,PF,3,3,PF,3,3,PF,3,3,PF,3,3,PF,3,3,PF,3,3,PF,3,3,PF,3,3,PF,3,3,PF,3,3,PF,3,3,PF,3,3,PF,3,3,PF,3,3,PF,3,3,PF,3,4,PF,3,3,PF,3,3,PF,3,3,PF,3,3,PF,2,3,F,2,3,F,3,3,PF
52,Egypt,6,6,NF,6,6,NF,6,4,PF,6,4,PF,5,4,PF,5,4,PF,5,5,PF,5,5,PF,5,5,PF,5,5,PF,5,5,PF,5,5,PF,4,4,PF,4,4,PF,5,4,PF,5,4,PF,5,4,PF,5,4,PF,5,4,PF,5,5,PF,5,6,PF,6,6,NF,6,6,NF,6,6,NF,6,6,NF,6,6,NF,6,6,NF,6,5,NF,6,5,NF,6,6,NF,6,6,NF,6,6,NF,6,5,NF,6,5,NF,6,5,NF,6,5,NF,6,5,NF,6,5,NF,6,5,NF,6,5,NF,5,5,PF,6,5,NF,6,5,NF,6,5,NF,6,5,NF,6,6,NF,6,6,NF,6,6,NF,6,6,NF,6,6,NF,6,6,NF,6,6,NF
53,El Salvador,2,3,F,2,3,F,2,3,F,2,3,F,3,3,PF,4,4,PF,5,5,PF,5,4,PF,5,5,PF,4,5,PF,4,5,PF,4,5,PF,3,5,PF,2,4,PF,3,4,PF,3,4,PF,3,3,PF,3,4,PF,3,4,PF,3,4,PF,3,3,PF,3,3,PF,3,3,PF,3,3,PF,3,3,PF,2,3,F,2,3,F,2,3,F,2,3,F,2,3,F,2,3,F,2,3,F,2,3,F,2,3,F,2,3,F,2,3,F,2,3,F,2,3,F,2,3,F,2,3,F,2,3,F,2,3,F,2,3,F,2,3,F,2,3,F,2,3,F,2,3,F,2,4,PF,2,4,PF,3,4,PF,3,4,PF,4,4,PF
54,Equatorial Guinea,6,6,NF,6,6,NF,6,6,NF,6,7,NF,6,7,NF,7,7,NF,7,7,NF,7,6,NF,7,6,NF,7,6,NF,7,6,NF,7,6,NF,7,6,NF,7,7,NF,7,7,NF,7,7,NF,7,7,NF,7,7,NF,7,7,NF,7,7,NF,7,6,NF,7,7,NF,7,7,NF,7,7,NF,7,7,NF,7,7,NF,7,7,NF,7,7,NF,7,7,NF,6,6,NF,7,6,NF,7,6,NF,7,6,NF,7,6,NF,7,6,NF,7,6,NF,7,7,NF,7,7,NF,7,7,NF,7,7,NF,7,7,NF,7,7,NF,7,7,NF,7,7,NF,7,7,NF,7,7,NF,7,7,NF,7,7,NF,7,7,NF,7,7,NF,7,7,NF,7,7,NF
55,Eritrea,NF,NF,NF,NF,NF,NF,NF,NF,NF,NF,NF,NF,NF,NF,NF,NF,NF,NF,NF,NF,NF,NF,NF,NF,NF,NF,NF,NF,NF,NF,NF,NF,NF,NF,NF,NF,NF,NF,NF,NF,NF,NF,NF,NF,NF,NF,NF,NF,NF,NF,NF,NF,NF,NF,NF,NF,NF,NF,NF,NF,NF,NF,NF,NF,NF,NF,6,5,NF,6,4,PF,6,4,PF,6,4,PF,6,4,PF,7,5,NF,7,5,NF,7,6,NF,7,6,NF,7,6,NF,7,6,NF,7,6,NF,7,6,NF,7,6,NF,7,6,NF,7,7,NF,7,7,NF,7,7,NF,7,7,NF,7,7,NF,7,7,NF,7,7,NF,7,7,NF,7,7,NF,7,7,NF,7,7,NF,7,7,NF,7,7,NF,7,7,NF,7,7,NF
56,Estonia,6,6,NF,6,6,NF,6,6,NF,7,6,NF,7,6,NF,7,6,NF,6,6,NF,6,6,NF,6,7,NF,6,7,NF,6,7,NF,6,7,NF,7,7,NF,7,7,NF,7,7,NF,7,6,NF,6,5,NF,6,5,NF,5,4,PF,2,3,F,3,3,PF,3,2,F,3,2,F,2,2,F,1,2,F,1,2,F,1,2,F,1,2,F,1,2,F,1,2,F,1,2,F,1,2,F,1,1,F,1,1,F,1,1,F,1,1,F,1,1,F,1,1,F,1,1,F,1,1,F,1,1,F,1,1,F,1,1,F,1,1,F,1,1,F,1,1,F,1,1,F,1,1,F,1,1,F,1,1,F,1,1,F,1,1,F
57,Swaziland,4,2,PF,6,4,PF,6,4,PF,6,4,PF,6,4,PF,6,4,PF,5,5,PF,5,5,PF,5,5,PF,5,5,PF,5,5,PF,5,5,PF,5,6,PF,5,6,PF,5,6,PF,5,6,PF,5,6,PF,6,5,PF,6,5,PF,6,5,PF,6,5,PF,6,5,NF,6,5,NF,6,5,NF,6,5,NF,6,5,NF,6,4,NF,6,5,NF,6,5,NF,6,5,NF,6,5,NF,7,5,NF,7,5,NF,7,5,NF,7,5,NF,7,5,NF,7,5,NF,7,5,NF,7,5,NF,7,5,NF,7,5,NF,7,5,NF,7,5,NF,7,5,NF,7,5,NF,7,6,NF,7,6,NF,7,5,NF,7,5,NF,7,6,NF,7,6,NF,7,6,NF
58,Ethiopia,5,6,NF,5,6,PF,6,5,NF,7,6,NF,7,6,NF,7,7,NF,7,7,NF,7,7,NF,7,7,NF,7,7,NF,7,7,NF,7,7,NF,7,7,NF,7,7,NF,7,7,NF,6,7,NF,6,7,NF,7,7,NF,7,7,NF,6,5,PF,6,4,PF,6,5,NF,6,5,NF,4,5,PF,4,5,PF,4,5,PF,4,4,PF,5,5,PF,5,5,PF,5,5,PF,5,5,PF,5,5,PF,5,5,PF,5,5,PF,5,5,PF,5,5,PF,5,5,PF,5,5,PF,6,6,NF,6,6,NF,6,6,NF,6,6,NF,6,6,NF,7,6,NF,7,6,NF,7,6,NF,6,6,NF,6,6,NF,6,6,NF,5,6,NF,6,6,NF,6,6,NF
59,Fiji,2,2,F,2,2,F,2,2,F,2,2,F,2,2,F,2,2,F,2,2,F,2,2,F,2,2,F,2,2,F,2,2,F,2,2,F,2,2,F,2,2,F,2,2,F,6,5,PF,5,4,PF,6,4,PF,6,4,PF,6,4,PF,4,3,PF,4,3,PF,4,3,PF,4,3,PF,4,3,PF,4,3,PF,4,3,PF,2,3,F,6,3,PF,4,3,PF,4,3,PF,4,3,PF,4,3,PF,4,3,PF,6,4,PF,6,4,PF,6,4,PF,6,4,PF,6,4,PF,6,4,PF,6,4,PF,6,4,PF,3,4,PF,3,3,PF,3,4,PF,3,3,PF,3,3,PF,3,3,PF,3,3,PF,4,3,PF,3,3,PF,3,3,PF
60,Finland,2,2,F,2,2,F,2,2,F,2,2,F,2,2,F,2,2,F,2,2,F,2,2,F,2,2,F,2,2,F,2,2,F,2,2,F,2,2,F,2,2,F,2,2,F,1,2,F,1,2,F,1,1,F,1,1,F,1,1,F,1,1,F,1,1,F,1,1,F,1,1,F,1,1,F,1,1,F,1,1,F,1,1,F,1,1,F,1,1,F,1,1,F,1,1,F,1,1,F,1,1,F,1,1,F,1,1,F,1,1,F,1,1,F,1,1,F,1,1,F,1,1,F,1,1,F,1,1,F,1,1,F,1,1,F,1,1,F,1,1,F,1,1,F,1,1,F,1,1,F,1,1,F,1,1,F
61,France,1,2,F,1,2,F,1,2,F,1,2,F,1,1,F,1,2,F,1,2,F,1,2,F,1,2,F,1,2,F,1,2,F,1,2,F,1,2,F,1,2,F,1,2,F,1,2,F,1,2,F,1,2,F,1,2,F,1,2,F,1,2,F,1,2,F,1,2,F,1,2,F,1,2,F,1,2,F,1,2,F,1,2,F,1,2,F,1,2,F,1,1,F,1,1,F,1,1,F,1,1,F,1,1,F,1,1,F,1,1,F,1,1,F,1,1,F,1,1,F,1,1,F,1,1,F,1,1,F,1,1,F,1,2,F,1,2,F,1,2,F,1,2,F,1,2,F,1,2,F,1,2,F,1,2,F
62,Gabon,6,6,NF,6,6,NF,6,6,NF,6,6,NF,6,6,NF,6,6,NF,6,6,NF,6,6,NF,6,6,NF,6,6,NF,6,6,NF,6,6,NF,6,6,NF,6,6,NF,6,6,NF,6,6,NF,6,6,NF,6,5,NF,4,4,PF,4,3,PF,4,4,PF,5,4,PF,5,4,PF,5,4,PF,5,4,PF,5,4,PF,5,4,PF,5,4,PF,5,4,PF,5,4,PF,5,4,PF,5,4,PF,5,4,PF,6,4,PF,6,4,PF,6,4,PF,6,4,PF,6,5,NF,6,5,NF,6,5,NF,6,5,NF,6,5,NF,6,5,NF,6,5,NF,6,5,NF,7,5,NF,7,5,NF,7,5,NF,7,5,NF,7,5,NF,7,5,NF,7,5,NF
63,Georgia,6,6,NF,6,6,NF,6,6,NF,7,6,NF,7,6,NF,7,6,NF,6,6,NF,6,6,NF,6,7,NF,6,7,NF,6,7,NF,6,7,NF,7,7,NF,7,7,NF,7,7,NF,7,6,NF,6,5,NF,6,5,NF,5,4,PF,6,5,NF,4,5,PF,5,5,PF,5,5,PF,4,5,PF,4,4,PF,3,4,PF,3,4,PF,3,4,PF,4,4,PF,4,4,PF,4,4,PF,4,4,PF,3,4,PF,3,3,PF,3,3,PF,4,4,PF,4,4,PF,4,4,PF,4,3,PF,4,3,PF,3,3,PF,3,3,PF,3,3,PF,3,3,PF,3,3,PF,3,3,PF,3,3,PF,3,3,PF,4,3,PF,4,3,PF,4,3,PF,4,3,PF
64,Germany,-,-,-,-,-,-,-,-,-,-,-,-,-,-,-,-,-,-,-,-,-,-,-,-,-,-,-,-,-,-,-,-,-,-,-,-,-,-,-,-,-,-,-,-,-,-,-,-,-,-,-,-,-,-,1,2,F,1,2,F,1,2,F,1,2,F,1,2,F,1,2,F,1,2,F,1,2,F,1,2,F,1,2,F,1,2,F,1,2,F,1,1,F,1,1,F,1,1,F,1,1,F,1,1,F,1,1,F,1,1,F,1,1,F,1,1,F,1,1,F,1,1,F,1,1,F,1,1,F,1,1,F,1,1,F,1,1,F,1,1,F,1,1,F,1,1,F,1,1,F,1,1,F,1,1,F
65,"Germany, E. ",7,7,NF,7,7,NF,7,7,NF,7,7,NF,7,7,NF,7,7,NF,7,6,NF,7,6,NF,7,7,NF,7,7,NF,7,7,NF,7,7,NF,7,6,NF,7,6,NF,7,6,NF,7,6,NF,7,6,NF,6,6,NF,-,-,-,-,-,-,-,-,-,-,-,-,-,-,-,-,-,-,-,-,-,-,-,-,-,-,-,-,-,-,-,-,-,-,-,-,-,-,-,-,-,-,-,-,-,-,-,-,-,-,-,-,-,-,-,-,-,-,-,-,-,-,-,-,-,-,-,-,-,-,-,-,-,-,-,-,-,-,-,-,-,-,-,-,-,-,-,-,-,-,-,-,-,-,-,-,-,-,-,-,-,-
66,"Germany, W. ",1,1,F,1,1,F,1,1,F,1,1,F,1,1,F,1,2,F,1,2,F,1,2,F,1,2,F,1,2,F,1,2,F,1,2,F,1,2,F,1,2,F,1,2,F,1,2,F,1,2,F,1,1,F,-,-,-,-,-,-,-,-,-,-,-,-,-,-,-,-,-,-,-,-,-,-,-,-,-,-,-,-,-,-,-,-,-,-,-,-,-,-,-,-,-,-,-,-,-,-,-,-,-,-,-,-,-,-,-,-,-,-,-,-,-,-,-,-,-,-,-,-,-,-,-,-,-,-,-,-,-,-,-,-,-,-,-,-,-,-,-,-,-,-,-,-,-,-,-,-,-,-,-,-,-,-
67,Ghana,6,6,NF,7,6,NF,7,5,NF,7,5,NF,7,5,NF,6,5,PF,5,4,PF,4,4,PF,2,3,F,6,5,NF,6,5,NF,6,5,NF,7,6,NF,7,6,NF,7,6,NF,7,6,NF,6,6,NF,6,5,NF,6,5,NF,6,6,NF,5,5,PF,5,4,PF,5,4,PF,4,4,PF,3,4,PF,3,3,PF,3,3,PF,3,3,PF,2,3,F,2,3,F,2,3,F,2,2,F,2,2,F,1,2,F,1,2,F,1,2,F,1,2,F,1,2,F,1,2,F,1,2,F,1,2,F,1,2,F,1,2,F,1,2,F,1,2,F,1,2,F,1,2,F,2,2,F,2,2,F,2,2,F,2,2,F,2,2,F
68,Greece,6,6,NF,7,5,NF,2,2,F,2,2,F,2,2,F,2,2,F,2,2,F,2,2,F,1,2,F,1,2,F,1,2,F,1,2,F,1,2,F,2,2,F,2,2,F,2,2,F,2,2,F,1,2,F,1,2,F,1,2,F,1,2,F,1,3,F,1,3,F,1,3,F,1,3,F,1,3,F,1,3,F,1,3,F,1,3,F,1,3,F,1,2,F,1,2,F,1,2,F,1,2,F,1,2,F,1,2,F,1,2,F,1,2,F,1,2,F,2,2,F,2,2,F,2,2,F,2,2,F,2,2,F,2,2,F,2,2,F,1,2,F,1,2,F,1,2,F,1,2,F,2,2,F,2,2,F
69,Grenada,-,-,-,-,-,-,2,4,PF,2,4,PF,2,4,PF,2,3,F,2,3,F,5,5,PF,6,5,NF,6,5,NF,6,5,NF,7,6,NF,5,3,PF,2,3,F,2,2,F,2,1,F,2,1,F,2,2,F,2,2,F,1,2,F,1,2,F,1,2,F,1,2,F,1,2,F,1,2,F,1,2,F,1,2,F,1,2,F,1,2,F,1,2,F,1,2,F,1,2,F,1,2,F,1,2,F,1,2,F,1,2,F,1,2,F,1,2,F,1,2,F,1,2,F,1,2,F,1,2,F,1,2,F,1,2,F,1,2,F,1,2,F,1,2,F,1,2,F,1,2,F,1,2,F,1,2,F,1,2,F
70,Guatemala,2,3,F,2,2,F,4,3,PF,4,3,PF,4,3,PF,3,4,PF,3,4,PF,4,5,PF,6,6,NF,6,6,NF,6,6,NF,6,6,NF,5,6,PF,4,4,PF,3,3,PF,3,3,PF,3,3,PF,3,3,PF,3,4,PF,3,5,PF,4,5,PF,4,5,PF,4,5,PF,4,5,PF,3,4,PF,3,4,PF,3,4,PF,3,4,PF,3,4,PF,3,4,PF,4,4,PF,4,4,PF,4,4,PF,4,4,PF,3,4,PF,3,4,PF,3,4,PF,4,4,PF,4,4,PF,3,4,PF,3,4,PF,3,4,PF,3,4,PF,4,4,PF,4,4,PF,4,4,PF,4,4,PF,4,4,PF,4,4,PF,4,4,PF,4,4,PF,5,4,PF
71,Guinea,7,7,NF,7,7,NF,7,7,NF,7,7,NF,7,7,NF,7,7,NF,7,7,NF,7,7,NF,7,7,NF,7,7,NF,7,7,NF,7,7,NF,7,5,NF,7,5,NF,7,5,NF,7,6,NF,7,6,NF,7,6,NF,6,5,NF,6,5,NF,6,5,PF,6,5,NF,6,5,NF,6,5,NF,6,5,NF,6,5,NF,6,5,NF,6,5,NF,6,5,NF,6,5,NF,6,5,NF,6,5,NF,6,5,NF,6,5,NF,6,5,NF,6,5,NF,7,5,NF,7,6,NF,5,5,PF,5,5,PF,5,5,PF,5,5,PF,5,5,PF,5,5,PF,5,5,PF,5,5,PF,5,4,PF,5,5,PF,5,5,PF,6,5,NF,6,5,NF,6,5,NF
72,Guinea Bissau,-,-,-,-,-,-,6,6,NF,6,6,NF,6,6,NF,6,6,NF,6,6,NF,6,6,NF,6,6,NF,6,6,NF,6,6,NF,7,6,NF,6,6,NF,6,6,NF,6,7,NF,6,7,NF,6,7,NF,6,6,NF,6,5,NF,6,5,PF,6,5,PF,6,5,PF,3,4,PF,3,4,PF,3,4,PF,3,4,PF,3,5,PF,3,5,PF,4,5,PF,4,5,PF,4,5,PF,6,4,PF,4,4,PF,3,4,PF,4,4,PF,4,4,PF,4,4,PF,4,4,PF,4,4,PF,4,4,PF,6,5,NF,6,5,NF,5,5,PF,5,5,PF,5,5,PF,5,5,PF,5,4,PF,5,4,PF,5,4,PF,5,4,PF,5,4,PF,5,4,PF
73,Guyana,2,2,F,4,2,PF,7,7,NF,4,3,PF,3,3,PF,3,3,PF,4,4,PF,4,4,PF,5,4,PF,5,4,PF,5,4,PF,5,5,PF,5,5,PF,5,5,PF,5,5,PF,5,5,PF,5,5,PF,5,4,PF,5,4,PF,5,4,PF,3,3,PF,2,2,F,2,2,F,2,2,F,2,2,F,2,2,F,2,2,F,2,2,F,2,2,F,2,2,F,2,2,F,2,2,F,2,2,F,3,3,PF,2,3,F,2,3,F,2,3,F,2,3,F,2,3,F,2,3,F,2,3,F,2,3,F,2,3,F,2,3,F,2,3,F,2,3,F,2,3,F,2,3,F,2,3,F,2,3,F,2,3,F,2,3,F
74,Haiti,7,6,NF,6,6,NF,6,6,NF,6,6,NF,6,6,NF,7,6,NF,7,6,NF,7,6,NF,7,6,NF,7,6,NF,7,6,NF,7,6,NF,7,6,NF,7,6,NF,5,4,PF,6,5,PF,7,5,NF,7,5,NF,4,4,PF,7,7,NF,7,7,NF,7,7,NF,5,5,PF,5,5,PF,4,5,PF,4,5,PF,5,5,PF,5,5,PF,6,5,NF,6,6,NF,6,6,NF,6,6,NF,7,6,NF,7,6,NF,4,5,PF,4,5,PF,4,5,PF,4,5,PF,4,5,PF,4,5,PF,4,5,PF,4,5,PF,5,5,PF,5,5,PF,5,5,PF,5,5,PF,5,5,PF,5,5,PF,5,5,PF,6,5,NF,6,5,NF,6,5,NF
75,Honduras,7,3,PF,6,3,PF,6,3,PF,6,3,PF,6,3,PF,6,3,PF,6,3,PF,6,3,PF,4,3,PF,2,3,F,2,3,F,3,3,PF,2,3,F,2,3,F,2,3,F,2,3,F,2,3,F,2,3,F,2,3,F,2,3,F,2,3,F,3,3,PF,3,3,PF,3,3,PF,3,3,PF,2,3,F,2,3,F,3,3,PF,3,3,PF,3,3,PF,3,3,PF,3,3,PF,3,3,PF,3,3,PF,3,3,PF,3,3,PF,3,3,PF,4,4,PF,4,4,PF,4,4,PF,4,4,PF,4,4,PF,4,4,PF,4,4,PF,4,4,PF,4,4,PF,4,4,PF,4,4,PF,4,5,PF,4,4,PF,4,4,PF,4,4,PF
76,Hungary,6,6,NF,6,6,NF,6,6,NF,6,6,NF,6,6,NF,6,5,NF,6,5,NF,6,5,NF,6,5,NF,6,5,NF,6,5,NF,6,5,NF,6,5,PF,5,5,PF,5,5,PF,5,4,PF,5,4,PF,4,3,PF,2,2,F,2,2,F,2,2,F,1,2,F,1,2,F,1,2,F,1,2,F,1,2,F,1,2,F,1,2,F,1,2,F,1,2,F,1,2,F,1,2,F,1,1,F,1,1,F,1,1,F,1,1,F,1,1,F,1,1,F,1,1,F,1,2,F,1,2,F,1,2,F,2,2,F,2,2,F,3,2,F,3,2,F,3,3,PF,3,3,PF,3,3,PF,3,3,PF,3,3,PF,3,3,PF
77,Iceland,1,1,F,1,1,F,1,1,F,1,1,F,1,1,F,1,1,F,1,1,F,1,1,F,1,1,F,1,1,F,1,1,F,1,1,F,1,1,F,1,1,F,1,1,F,1,1,F,1,1,F,1,1,F,1,1,F,1,1,F,1,1,F,1,1,F,1,1,F,1,1,F,1,1,F,1,1,F,1,1,F,1,1,F,1,1,F,1,1,F,1,1,F,1,1,F,1,1,F,1,1,F,1,1,F,1,1,F,1,1,F,1,1,F,1,1,F,1,1,F,1,1,F,1,1,F,1,1,F,1,1,F,1,1,F,1,1,F,1,1,F,1,1,F,1,1,F,1,1,F,1,1,F,1,1,F
78,India,2,3,F,2,3,F,2,3,F,2,5,PF,3,5,PF,2,2,F,2,2,F,2,2,F,2,3,F,2,3,F,2,3,F,2,3,F,2,3,F,2,3,F,2,3,F,2,3,F,2,3,F,2,3,F,2,3,F,3,4,PF,3,4,PF,4,4,PF,4,4,PF,4,4,PF,2,4,PF,2,4,PF,2,3,F,2,3,F,2,3,F,2,3,F,2,3,F,2,3,F,2,3,F,2,3,F,2,3,F,2,3,F,2,3,F,2,3,F,2,3,F,2,3,F,2,3,F,2,3,F,2,3,F,2,3,F,2,3,F,2,3,F,2,3,F,2,3,F,2,4,PF,2,4,PF,2,4,PF,2,4,PF
79,Indonesia,5,5,PF,5,5,PF,5,5,PF,5,5,PF,5,5,PF,5,5,PF,5,5,PF,5,5,PF,5,5,PF,5,5,PF,5,5,PF,5,5,PF,5,6,PF,5,6,PF,5,6,PF,5,6,PF,5,5,PF,5,5,PF,6,5,PF,6,5,PF,6,5,PF,7,6,NF,7,6,NF,7,6,NF,7,5,NF,7,5,NF,6,4,PF,4,4,PF,3,4,PF,3,4,PF,3,4,PF,3,4,PF,3,4,PF,2,3,F,2,3,F,2,3,F,2,3,F,2,3,F,2,3,F,2,3,F,2,3,F,2,4,PF,2,4,PF,2,4,PF,2,4,PF,2,4,PF,2,4,PF,2,4,PF,2,4,PF,2,4,PF,2,4,PF,3,4,PF
80,Iran,5,6,NF,5,6,NF,5,6,NF,6,6,NF,6,6,NF,6,5,NF,5,5,PF,5,5,PF,5,5,PF,6,6,NF,6,6,NF,6,6,NF,5,6,PF,5,6,PF,5,6,PF,5,6,PF,5,6,NF,6,5,NF,6,5,NF,6,5,NF,6,6,NF,6,7,NF,6,7,NF,6,7,NF,6,7,NF,6,7,NF,6,6,NF,6,6,NF,6,6,NF,6,6,NF,6,6,NF,6,6,NF,6,6,NF,6,6,NF,6,6,NF,6,6,NF,6,6,NF,6,6,NF,6,6,NF,6,6,NF,6,6,NF,6,6,NF,6,6,NF,6,6,NF,6,6,NF,6,6,NF,6,6,NF,6,6,NF,6,6,NF,7,6,NF,7,6,NF,7,7,NF
81,Iraq,7,7,NF,7,7,NF,7,7,NF,7,7,NF,7,7,NF,7,7,NF,7,6,NF,7,7,NF,6,7,NF,6,7,NF,6,7,NF,6,7,NF,7,7,NF,7,7,NF,7,7,NF,7,7,NF,7,7,NF,7,6,NF,7,7,NF,7,7,NF,7,7,NF,7,7,NF,7,7,NF,7,7,NF,7,7,NF,7,7,NF,7,7,NF,7,7,NF,7,7,NF,7,7,NF,7,7,NF,7,5,NF,7,5,NF,6,5,NF,6,6,NF,6,6,NF,6,6,NF,5,6,NF,5,6,NF,5,6,NF,6,6,NF,5,6,NF,6,6,NF,5,6,NF,5,6,NF,5,6,NF,5,6,NF,5,6,NF,5,6,NF,5,6,NF,5,6,NF,5,6,NF
82,Ireland,1,2,F,1,2,F,1,2,F,1,2,F,1,1,F,1,1,F,1,1,F,1,1,F,1,1,F,1,1,F,1,1,F,1,1,F,1,1,F,1,1,F,1,1,F,1,1,F,1,1,F,1,1,F,1,1,F,1,1,F,1,1,F,1,2,F,1,2,F,1,1,F,1,1,F,1,1,F,1,1,F,1,1,F,1,1,F,1,1,F,1,1,F,1,1,F,1,1,F,1,1,F,1,1,F,1,1,F,1,1,F,1,1,F,1,1,F,1,1,F,1,1,F,1,1,F,1,1,F,1,1,F,1,1,F,1,1,F,1,1,F,1,1,F,1,1,F,1,1,F,1,1,F,1,1,F
83,Israel,2,3,F,2,3,F,2,3,F,2,3,F,2,3,F,2,2,F,2,2,F,2,2,F,2,2,F,2,2,F,2,2,F,2,2,F,2,2,F,2,2,F,2,2,F,2,2,F,2,2,F,2,2,F,2,2,F,2,2,F,2,2,F,1,3,F,1,3,F,1,3,F,1,3,F,1,3,F,1,3,F,1,2,F,1,3,F,1,3,F,1,3,F,1,3,F,1,3,F,1,2,F,1,2,F,1,2,F,1,2,F,1,2,F,1,2,F,1,2,F,1,2,F,1,2,F,1,2,F,1,2,F,1,2,F,1,3,F,2,3,F,2,3,F,2,3,F,2,3,F,2,3,F,2,3,F
84,Italy,1,2,F,1,2,F,1,2,F,1,2,F,2,1,F,2,2,F,2,2,F,2,2,F,1,2,F,1,2,F,1,2,F,1,2,F,1,1,F,1,1,F,1,1,F,1,1,F,1,1,F,1,1,F,1,1,F,1,1,F,1,2,F,1,3,F,1,2,F,1,2,F,1,2,F,1,2,F,1,2,F,1,2,F,1,2,F,1,2,F,1,1,F,1,1,F,1,1,F,1,1,F,1,1,F,1,1,F,1,2,F,1,2,F,1,2,F,1,1,F,2,1,F,1,1,F,1,1,F,1,1,F,1,1,F,1,1,F,1,1,F,1,1,F,1,1,F,1,1,F,1,1,F,1,1,F
85,Jamaica,1,2,F,1,2,F,1,2,F,1,2,F,1,3,F,2,3,F,2,3,F,2,3,F,2,3,F,2,3,F,2,3,F,2,3,F,2,3,F,2,3,F,2,3,F,2,2,F,2,2,F,2,2,F,2,2,F,2,2,F,2,2,F,2,3,F,2,3,F,2,3,F,2,3,F,2,3,F,2,2,F,2,2,F,2,2,F,2,3,F,2,3,F,2,3,F,2,3,F,2,3,F,2,3,F,2,3,F,2,3,F,2,3,F,2,3,F,2,3,F,2,3,F,2,3,F,2,3,F,2,3,F,2,3,F,2,3,F,2,2,F,2,2,F,2,2,F,2,2,F,2,2,F,2,2,F
86,Japan,2,1,F,2,1,F,2,1,F,2,1,F,2,1,F,2,1,F,2,1,F,2,1,F,1,1,F,1,1,F,1,1,F,1,1,F,1,1,F,1,1,F,1,1,F,1,1,F,1,1,F,1,1,F,1,1,F,1,2,F,1,2,F,2,2,F,2,2,F,1,2,F,1,2,F,1,2,F,1,2,F,1,2,F,1,2,F,1,2,F,1,2,F,1,2,F,1,2,F,1,2,F,1,2,F,1,2,F,1,2,F,1,2,F,1,2,F,1,2,F,1,2,F,1,1,F,1,1,F,1,1,F,1,1,F,1,1,F,1,1,F,1,1,F,1,1,F,1,1,F,1,1,F,1,1,F
87,Jordan,6,6,NF,6,6,NF,6,6,NF,6,6,NF,6,6,NF,6,6,NF,6,6,NF,6,6,NF,6,6,NF,6,6,NF,6,6,NF,6,6,NF,5,5,PF,5,5,PF,5,5,PF,5,5,PF,6,5,NF,5,5,PF,5,5,PF,4,4,PF,3,3,PF,4,4,PF,4,4,PF,4,4,PF,4,4,PF,4,4,PF,4,5,PF,4,4,PF,4,4,PF,5,5,PF,6,5,PF,5,5,PF,5,4,PF,5,4,PF,5,4,PF,5,4,PF,5,5,PF,6,5,NF,6,5,NF,6,5,NF,6,5,NF,6,5,NF,6,5,NF,6,5,NF,5,5,PF,5,5,PF,5,5,PF,5,5,PF,6,5,NF,6,5,NF,6,5,NF,6,5,NF
88,Kazakhstan,6,6,NF,6,6,NF,6,6,NF,7,6,NF,7,6,NF,7,6,NF,6,6,NF,6,6,NF,6,7,NF,6,7,NF,6,7,NF,6,7,NF,7,7,NF,7,7,NF,7,7,NF,7,6,NF,6,5,NF,6,5,NF,5,4,PF,5,4,PF,5,5,PF,6,4,PF,6,5,NF,6,5,NF,6,5,NF,6,5,NF,6,5,NF,6,5,NF,6,5,NF,6,5,NF,6,5,NF,6,5,NF,6,5,NF,6,5,NF,6,5,NF,6,5,NF,6,5,NF,6,5,NF,6,5,NF,6,5,NF,6,5,NF,6,5,NF,6,5,NF,6,5,NF,7,5,NF,7,5,NF,7,5,NF,7,5,NF,7,5,NF,7,5,NF,7,5,NF,7,5,NF
89,Kenya,5,4,PF,5,4,PF,5,4,PF,5,5,PF,5,5,PF,5,5,PF,5,4,PF,5,4,PF,5,4,PF,5,5,PF,5,5,PF,5,5,PF,6,5,PF,6,5,PF,6,5,PF,6,6,NF,6,6,NF,6,6,NF,6,6,NF,6,6,NF,4,5,PF,5,6,NF,6,6,NF,7,6,NF,7,6,NF,6,6,NF,6,5,NF,6,5,NF,6,5,NF,6,5,NF,4,4,PF,3,3,PF,3,3,PF,3,3,PF,3,3,PF,4,3,PF,4,3,PF,4,4,PF,4,3,PF,4,3,PF,4,4,PF,4,4,PF,4,4,PF,4,4,PF,4,4,PF,4,4,PF,4,4,PF,4,4,PF,4,4,PF,4,4,PF,4,4,PF,4,4,PF
90,Kiribati,-,-,-,-,-,-,-,-,-,-,-,-,-,-,-,-,-,-,-,-,-,2,2,F,2,2,F,2,2,F,2,2,F,1,2,F,1,2,F,1,2,F,1,2,F,1,2,F,1,2,F,1,2,F,1,2,F,1,2,F,1,2,F,1,1,F,1,1,F,1,1,F,1,1,F,1,1,F,1,1,F,1,1,F,1,1,F,1,1,F,1,1,F,1,1,F,1,1,F,1,1,F,1,1,F,1,1,F,1,1,F,1,1,F,1,1,F,1,1,F,1,1,F,1,1,F,1,1,F,1,1,F,1,1,F,1,1,F,1,1,F,1,1,F,1,1,F,1,1,F,1,1,F,1,1,F
91,Kosovo,6,6,NF,6,6,NF,6,6,NF,6,6,NF,6,6,NF,6,5,NF,6,5,NF,6,5,NF,6,5,NF,6,5,NF,6,5,NF,6,5,PF,6,5,PF,6,5,PF,6,5,PF,6,5,PF,5,5,PF,5,4,PF,5,4,PF,6,5,NF,6,5,PF,6,6,NF,-,-,-,-,-,-,-,-,-,-,-,-,-,-,-,-,-,-,-,-,-,-,-,-,-,-,-,-,-,-,-,-,-,-,-,-,-,-,-,-,-,-,-,-,-,5,4,PF,5,4,PF,5,4,PF,5,4,PF,5,4,PF,4,4,PF,3,4,PF,3,4,PF,3,4,PF,3,4,PF,3,4,PF,4,4,PF,3,4,PF,3,4,PF,3,4,PF
92,Kuwait,4,4,PF,4,3,PF,4,3,PF,4,3,PF,6,5,NF,6,4,PF,6,4,PF,6,4,PF,6,4,PF,4,4,PF,4,4,PF,4,4,PF,4,4,PF,4,4,PF,6,5,PF,6,5,PF,6,5,PF,6,4,PF,7,7,NF,6,5,NF,5,5,PF,5,5,PF,5,5,PF,5,5,PF,5,5,PF,5,5,PF,5,5,PF,4,5,PF,4,5,PF,4,5,PF,4,5,PF,4,5,PF,4,5,PF,4,5,PF,4,4,PF,4,4,PF,4,4,PF,4,4,PF,4,5,PF,4,5,PF,5,5,PF,5,5,PF,5,5,PF,5,5,PF,5,5,PF,5,5,PF,5,5,PF,5,5,PF,5,5,PF,5,5,PF,5,5,PF,5,5,PF
93,Kyrgyzstan,6,6,NF,6,6,NF,6,6,NF,7,6,NF,7,6,NF,7,6,NF,6,6,NF,6,6,NF,6,7,NF,6,7,NF,6,7,NF,6,7,NF,7,7,NF,7,7,NF,7,7,NF,7,6,NF,6,5,NF,6,5,NF,5,4,PF,5,4,PF,4,2,PF,5,3,PF,4,3,PF,4,4,PF,4,4,PF,4,4,PF,5,5,PF,5,5,PF,6,5,NF,6,5,NF,6,5,NF,6,5,NF,6,5,NF,5,4,PF,5,4,PF,5,4,PF,5,4,PF,6,5,NF,5,5,PF,5,5,PF,5,5,PF,5,5,PF,5,5,PF,5,5,PF,5,5,PF,5,5,PF,5,4,PF,5,4,PF,7,5,NF,7,5,NF,7,5,NF,7,5,NF
94,Laos,5,5,PF,5,5,PF,5,5,PF,6,6,NF,7,7,NF,7,7,NF,7,7,NF,7,7,NF,7,7,NF,7,7,NF,7,7,NF,7,7,NF,7,7,NF,7,7,NF,7,7,NF,7,7,NF,6,6,NF,6,7,NF,6,7,NF,6,7,NF,7,6,NF,7,6,NF,7,6,NF,7,6,NF,7,6,NF,7,6,NF,7,6,NF,7,6,NF,7,6,NF,7,6,NF,7,6,NF,7,6,NF,7,6,NF,7,6,NF,7,6,NF,7,6,NF,7,6,NF,7,6,NF,7,6,NF,7,6,NF,7,6,NF,7,6,NF,7,6,NF,7,6,NF,7,6,NF,7,6,NF,7,6,NF,7,6,NF,7,6,NF,7,6,NF,7,6,NF,7,6,NF
95,Latvia,6,6,NF,6,6,NF,6,6,NF,7,6,NF,7,6,NF,7,6,NF,6,6,NF,6,6,NF,6,7,NF,6,7,NF,6,7,NF,6,7,NF,7,7,NF,7,7,NF,7,7,NF,7,6,NF,6,5,NF,6,5,NF,5,4,PF,2,3,F,3,3,PF,3,3,PF,3,2,F,2,2,F,2,2,F,1,2,F,1,2,F,1,2,F,1,2,F,1,2,F,1,2,F,1,2,F,1,2,F,1,1,F,1,1,F,2,1,F,2,1,F,2,1,F,2,2,F,2,2,F,2,2,F,2,2,F,2,2,F,2,2,F,1,2,F,2,2,F,2,2,F,1,2,F,1,2,F,1,2,F,1,2,F,1,2,F
96,Lebanon,2,2,F,2,2,F,2,2,F,4,4,PF,4,4,PF,4,4,PF,4,4,PF,4,4,PF,4,4,PF,5,4,PF,5,4,PF,5,4,PF,5,4,PF,5,4,PF,5,4,PF,6,5,PF,6,5,NF,6,5,NF,6,5,NF,6,4,PF,5,4,PF,6,5,PF,6,5,PF,6,5,NF,6,5,NF,6,5,NF,6,5,NF,6,5,NF,6,5,NF,6,5,NF,6,5,NF,6,5,NF,6,5,NF,5,4,PF,5,4,PF,5,4,PF,5,4,PF,5,3,PF,5,3,PF,5,4,PF,5,4,PF,5,4,PF,5,4,PF,5,4,PF,5,4,PF,6,4,PF,5,4,PF,5,4,PF,5,4,PF,5,4,PF,5,4,PF,5,4,PF
97,Lesotho,7,4,NF,5,3,PF,5,4,PF,5,4,PF,5,4,PF,5,4,PF,5,5,PF,5,5,PF,5,5,PF,5,5,PF,5,5,PF,5,5,PF,5,5,PF,5,5,PF,5,5,PF,5,6,PF,6,6,NF,6,5,NF,6,5,NF,6,4,PF,6,4,PF,3,4,PF,4,4,PF,4,4,PF,4,4,PF,4,4,PF,4,4,PF,4,4,PF,4,4,PF,4,4,PF,2,3,F,2,3,F,2,3,F,2,3,F,2,3,F,2,3,F,2,3,F,3,3,PF,3,3,PF,3,3,PF,2,3,F,2,3,F,2,3,F,3,3,PF,3,3,PF,3,3,PF,3,3,PF,3,3,PF,3,3,PF,3,3,PF,2,3,F,2,3,F
98,Liberia,6,6,NF,6,5,NF,6,3,PF,6,4,PF,6,4,PF,6,4,PF,6,5,PF,6,5,PF,6,6,NF,6,6,NF,6,6,NF,5,5,PF,6,5,PF,5,5,PF,5,5,PF,5,5,PF,5,5,PF,6,5,NF,7,7,NF,7,6,NF,7,6,NF,6,6,NF,7,6,NF,7,6,NF,7,6,NF,4,5,PF,4,5,PF,4,5,PF,5,6,PF,6,6,NF,6,6,NF,6,6,NF,5,4,PF,4,4,PF,3,4,PF,3,4,PF,3,4,PF,3,4,PF,3,4,PF,3,4,PF,3,4,PF,3,4,PF,3,4,PF,3,4,PF,3,4,PF,3,3,PF,3,3,PF,3,4,PF,3,4,PF,3,4,PF,3,4,PF,2,4,PF
99,Libya,7,6,NF,7,7,NF,7,7,NF,7,6,NF,7,6,NF,6,6,NF,6,6,NF,6,6,NF,6,7,NF,6,6,NF,6,6,NF,6,6,NF,6,6,NF,6,6,NF,6,6,NF,6,6,NF,6,6,NF,7,7,NF,7,7,NF,7,7,NF,7,7,NF,7,7,NF,7,7,NF,7,7,NF,7,7,NF,7,7,NF,7,7,NF,7,7,NF,7,7,NF,7,7,NF,7,7,NF,7,7,NF,7,7,NF,7,7,NF,7,7,NF,7,7,NF,7,7,NF,7,7,NF,7,7,NF,7,6,NF,4,5,PF,4,5,PF,6,6,NF,6,6,NF,7,6,NF,7,6,NF,7,6,NF,7,6,NF,7,6,NF,7,6,NF,7,6,NF,7,6,NF
100,Liechtenstein,4,2,PF,4,2,PF,4,2,PF,4,2,PF,4,2,PF,-,-,-,-,-,-,-,-,-,-,-,-,-,-,-,-,-,-,-,-,-,-,-,-,-,-,-,-,-,-,-,-,-,-,-,-,-,-,-,-,-,-,-,-,-,1,1,F,1,1,F,1,1,F,1,1,F,1,1,F,1,1,F,1,1,F,1,1,F,1,1,F,1,1,F,1,1,F,1,1,F,1,1,F,1,1,F,1,1,F,1,1,F,1,1,F,1,1,F,1,1,F,1,1,F,1,1,F,1,1,F,1,1,F,1,1,F,2,1,F,2,1,F,2,1,F,2,1,F,2,1,F,2,1,F,2,1,F,2,1,F
101,Lithuania,6,6,NF,6,6,NF,6,6,NF,7,6,NF,7,6,NF,7,6,NF,6,6,NF,6,6,NF,6,7,NF,6,7,NF,6,7,NF,6,7,NF,7,7,NF,7,7,NF,7,7,NF,7,6,NF,6,5,NF,6,5,NF,5,4,PF,2,3,F,2,3,F,1,3,F,1,3,F,1,2,F,1,2,F,1,2,F,1,2,F,1,2,F,1,2,F,1,2,F,1,2,F,1,2,F,2,2,F,1,1,F,1,1,F,1,1,F,1,1,F,1,1,F,1,1,F,1,1,F,1,1,F,1,1,F,1,1,F,1,1,F,1,1,F,1,1,F,1,1,F,1,1,F,1,2,F,1,2,F,1,2,F,1,2,F
102,Luxembourg,2,1,F,2,1,F,2,1,F,2,1,F,2,1,F,1,1,F,1,1,F,1,1,F,1,1,F,1,1,F,1,1,F,1,1,F,1,1,F,1,1,F,1,1,F,1,1,F,1,1,F,1,1,F,1,1,F,1,1,F,1,1,F,1,1,F,1,1,F,1,1,F,1,1,F,1,1,F,1,1,F,1,1,F,1,1,F,1,1,F,1,1,F,1,1,F,1,1,F,1,1,F,1,1,F,1,1,F,1,1,F,1,1,F,1,1,F,1,1,F,1,1,F,1,1,F,1,1,F,1,1,F,1,1,F,1,1,F,1,1,F,1,1,F,1,1,F,1,1,F,1,1,F,1,1,F
103,Madagascar,5,3,PF,5,4,PF,5,4,PF,5,5,PF,6,5,NF,5,5,PF,6,6,NF,6,6,NF,6,6,NF,6,6,NF,6,6,NF,5,6,PF,5,6,PF,5,6,PF,5,5,PF,5,5,PF,5,5,PF,5,4,PF,4,4,PF,4,4,PF,4,4,PF,2,4,PF,2,4,PF,2,4,PF,2,4,PF,2,4,PF,2,4,PF,2,4,PF,2,4,PF,2,4,PF,3,4,PF,3,3,PF,3,3,PF,3,3,PF,4,3,PF,4,3,PF,4,3,PF,6,4,PF,6,4,PF,6,4,PF,6,4,PF,5,4,PF,4,4,PF,3,4,PF,3,4,PF,3,4,PF,3,4,PF,3,3,PF,3,4,PF,3,4,PF,3,4,PF,3,4,PF
104,Malawi,7,6,NF,7,6,NF,7,6,NF,7,6,NF,7,6,NF,7,6,NF,6,7,NF,6,7,NF,6,7,NF,6,7,NF,6,7,NF,6,7,NF,6,7,NF,6,7,NF,6,7,NF,6,7,NF,6,7,NF,7,6,NF,7,6,NF,7,6,NF,6,7,NF,6,5,NF,2,3,F,2,3,F,2,3,F,2,3,F,2,3,F,3,3,PF,3,3,PF,4,3,PF,4,4,PF,3,4,PF,4,4,PF,4,4,PF,4,3,PF,4,4,PF,4,4,PF,3,4,PF,3,4,PF,3,4,PF,3,4,PF,3,4,PF,3,4,PF,3,3,PF,3,3,PF,3,3,PF,3,3,PF,3,3,PF,3,3,PF,3,3,PF,3,3,PF,3,3,PF
105,Malaysia,2,3,F,2,3,F,3,3,PF,3,4,PF,3,4,PF,3,4,PF,3,4,PF,3,4,PF,3,4,PF,3,4,PF,3,4,PF,3,4,PF,3,5,PF,3,5,PF,3,5,PF,3,5,PF,4,5,PF,5,4,PF,5,4,PF,5,4,PF,5,4,PF,4,5,PF,4,5,PF,4,5,PF,4,5,PF,4,5,PF,5,5,PF,5,5,PF,5,5,PF,5,5,PF,5,5,PF,5,4,PF,4,4,PF,4,4,PF,4,4,PF,4,4,PF,4,4,PF,4,4,PF,4,4,PF,4,4,PF,4,4,PF,4,4,PF,4,4,PF,4,4,PF,4,4,PF,4,4,PF,4,4,PF,4,4,PF,4,4,PF,4,4,PF,4,4,PF,4,4,PF
106,Maldives,3,2,F,3,2,PF,3,2,PF,4,4,PF,4,4,PF,4,4,PF,5,5,PF,5,5,PF,5,5,PF,5,5,PF,5,5,PF,5,5,PF,5,5,PF,5,5,PF,5,6,PF,5,6,PF,5,6,NF,6,5,NF,6,5,NF,6,5,NF,6,5,NF,6,6,NF,6,6,NF,6,6,NF,6,6,NF,6,6,NF,6,5,NF,6,5,NF,6,5,NF,6,5,NF,6,5,NF,6,5,NF,6,5,NF,6,5,NF,6,5,NF,6,5,NF,4,4,PF,3,4,PF,3,4,PF,3,4,PF,5,4,PF,4,4,PF,4,4,PF,4,5,PF,5,5,PF,5,5,PF,5,5,PF,4,5,PF,4,5,PF,4,5,PF,4,5,PF,4,5,PF
107,Mali,7,6,NF,7,6,NF,7,6,NF,7,7,NF,7,7,NF,7,7,NF,7,6,NF,7,6,NF,7,6,NF,7,6,NF,7,6,NF,7,6,NF,7,6,NF,7,6,NF,7,6,NF,7,6,NF,6,6,NF,6,6,NF,6,5,NF,6,4,PF,2,3,F,2,3,F,2,4,PF,2,3,F,2,2,F,3,3,F,3,3,F,3,3,F,2,3,F,2,3,F,2,3,F,2,2,F,2,2,F,2,2,F,2,2,F,2,3,F,2,3,F,2,3,F,2,3,F,2,3,F,7,5,NF,5,4,PF,5,4,PF,5,4,PF,5,4,PF,5,4,PF,4,4,PF,5,5,PF,6,5,NF,6,5,NF,6,5,NF,6,5,NF
108,Malta,1,2,F,1,1,F,1,1,F,1,1,F,1,2,F,2,2,F,2,2,F,2,3,F,2,3,F,2,3,F,2,3,F,2,4,PF,2,4,PF,2,4,PF,2,4,PF,1,2,F,1,2,F,1,1,F,1,1,F,1,1,F,1,1,F,1,1,F,1,1,F,1,1,F,1,1,F,1,1,F,1,1,F,1,1,F,1,1,F,1,1,F,1,1,F,1,1,F,1,1,F,1,1,F,1,1,F,1,1,F,1,1,F,1,1,F,1,1,F,1,1,F,1,1,F,1,1,F,1,1,F,1,1,F,1,1,F,1,1,F,2,1,F,2,1,F,2,1,F,2,1,F,2,1,F,2,2,F
109,Marshall Islands,-,-,-,-,-,-,-,-,-,-,-,-,-,-,-,-,-,-,-,-,-,-,-,-,-,-,-,-,-,-,-,-,-,-,-,-,-,-,-,-,-,-,-,-,-,-,-,-,-,-,-,-,-,-,-,-,-,1,1,F,1,1,F,1,1,F,1,1,F,1,1,F,1,1,F,1,1,F,1,1,F,1,1,F,1,1,F,1,1,F,1,1,F,1,1,F,1,1,F,1,1,F,1,1,F,1,1,F,1,1,F,1,1,F,1,1,F,1,1,F,1,1,F,1,1,F,1,1,F,1,1,F,1,1,F,1,1,F,1,1,F,1,1,F,1,1,F,1,1,F,1,1,F,1,1,F
110,Mauritania,6,6,NF,6,6,NF,5,6,NF,6,6,NF,6,6,NF,6,6,NF,6,6,NF,7,6,NF,7,6,NF,7,6,NF,7,6,NF,7,6,NF,7,6,NF,7,6,NF,7,6,NF,6,6,NF,6,6,NF,7,6,NF,7,6,NF,7,6,NF,7,6,NF,7,6,NF,7,7,NF,6,6,NF,6,6,NF,6,6,NF,6,5,NF,6,5,NF,6,5,NF,5,5,PF,5,5,PF,6,5,NF,6,5,NF,6,4,PF,5,4,PF,4,4,PF,6,5,NF,6,5,NF,6,5,NF,6,5,NF,6,5,NF,6,5,NF,6,5,NF,6,5,NF,6,5,NF,6,5,NF,6,5,NF,5,5,PF,5,5,PF,5,5,PF,5,5,PF,5,5,PF
111,Mauritius,3,2,F,3,2,F,3,2,F,3,2,F,3,2,F,2,2,F,2,4,PF,2,4,PF,3,3,PF,2,3,F,2,3,F,2,2,F,2,2,F,2,2,F,2,2,F,2,2,F,2,2,F,2,2,F,2,2,F,1,2,F,2,2,F,1,2,F,1,2,F,1,2,F,1,2,F,1,2,F,1,2,F,1,2,F,1,2,F,1,2,F,1,2,F,1,2,F,1,1,F,1,1,F,1,2,F,1,2,F,1,2,F,1,2,F,1,2,F,1,2,F,1,2,F,1,2,F,1,2,F,1,2,F,1,2,F,1,2,F,1,2,F,1,2,F,1,2,F,1,2,F,2,2,F,2,2,F
112,Mexico,5,3,PF,4,3,PF,4,3,PF,4,3,PF,4,4,PF,4,3,PF,4,4,PF,3,4,PF,3,4,PF,3,4,PF,3,4,PF,3,4,PF,3,4,PF,4,4,PF,4,4,PF,4,4,PF,3,4,PF,4,3,PF,4,4,PF,4,4,PF,4,3,PF,4,4,PF,4,4,PF,4,4,PF,4,3,PF,3,4,PF,3,4,PF,3,4,PF,2,3,F,2,3,F,2,2,F,2,2,F,2,2,F,2,2,F,2,3,F,2,3,F,2,3,F,2,3,F,3,3,PF,3,3,PF,3,3,PF,3,3,PF,3,3,PF,3,3,PF,3,3,PF,3,3,PF,3,3,PF,3,3,PF,3,4,PF,3,4,PF,3,4,PF,3,4,PF
113,Micronesia,-,-,-,-,-,-,-,-,-,-,-,-,-,-,-,-,-,-,-,-,-,-,-,-,-,-,-,-,-,-,-,-,-,-,-,-,-,-,-,-,-,-,-,-,-,-,-,-,-,-,-,-,-,-,-,-,-,1,1,F,1,1,F,1,1,F,1,1,F,1,1,F,1,1,F,1,2,F,1,2,F,1,2,F,1,2,F,1,2,F,1,2,F,1,1,F,1,1,F,1,1,F,1,1,F,1,1,F,1,1,F,1,1,F,1,1,F,1,1,F,1,1,F,1,1,F,1,1,F,1,1,F,1,1,F,1,1,F,1,1,F,1,1,F,1,1,F,1,1,F,1,1,F,1,1,F
114,Moldova,6,6,NF,6,6,NF,6,6,NF,7,6,NF,7,6,NF,7,6,NF,6,6,NF,6,6,NF,6,7,NF,6,7,NF,6,7,NF,6,7,NF,7,7,NF,7,7,NF,7,7,NF,7,6,NF,6,5,NF,6,5,NF,5,4,PF,5,4,PF,5,5,PF,5,5,PF,4,4,PF,4,4,PF,3,4,PF,3,4,PF,2,4,PF,2,4,PF,2,4,PF,2,4,PF,3,4,PF,3,4,PF,3,4,PF,3,4,PF,3,4,PF,3,4,PF,4,4,PF,3,4,PF,3,3,PF,3,3,PF,3,3,PF,3,3,PF,3,3,PF,3,3,PF,3,3,PF,3,3,PF,3,4,PF,3,4,PF,3,3,PF,3,3,PF,3,3,PF,3,3,PF
115,Monaco,4,2,PF,4,2,PF,4,2,PF,4,2,PF,4,2,PF,-,-,-,-,-,-,-,-,-,-,-,-,-,-,-,-,-,-,-,-,-,-,-,-,-,-,-,-,-,-,-,-,-,-,-,-,-,-,-,-,-,-,-,-,-,-,-,-,2,1,F,2,1,F,2,1,F,2,1,F,2,1,F,2,1,F,2,1,F,2,1,F,2,1,F,2,1,F,2,1,F,2,1,F,2,1,F,2,1,F,2,1,F,2,1,F,2,1,F,2,1,F,2,1,F,2,1,F,2,1,F,2,1,F,2,1,F,3,1,F,3,1,F,3,1,F,3,1,F,3,1,F,3,1,F,3,1,F,3,1,F
116,Mongolia,7,7,NF,7,7,NF,7,7,NF,7,7,NF,7,7,NF,7,7,NF,7,7,NF,7,7,NF,7,7,NF,7,7,NF,7,7,NF,7,7,NF,7,7,NF,7,7,NF,7,7,NF,7,7,NF,7,7,NF,7,7,NF,4,4,PF,2,3,F,3,2,F,2,3,F,2,3,F,2,3,F,2,3,F,2,3,F,2,3,F,2,3,F,2,3,F,2,3,F,2,2,F,2,2,F,2,2,F,2,2,F,2,2,F,2,2,F,2,2,F,2,2,F,2,2,F,2,2,F,1,2,F,1,2,F,1,2,F,1,2,F,1,2,F,1,2,F,1,2,F,1,2,F,1,2,F,1,2,F,1,2,F,1,2,F
117,Montenegro,6,6,NF,6,6,NF,6,6,NF,6,6,NF,6,6,NF,6,5,NF,6,5,NF,6,5,NF,6,5,NF,6,5,NF,6,5,NF,6,5,PF,6,5,PF,6,5,PF,6,5,PF,6,5,PF,5,5,PF,5,4,PF,5,4,PF,6,5,NF,6,5,PF,6,6,NF,6,6,NF,6,6,NF,6,6,NF,6,6,NF,6,6,NF,5,5,PF,4,4,PF,3,3,PF,3,2,F,3,2,F,3,2,F,3,2,F,-,-,-,3,3,PF,3,3,PF,3,2,F,3,2,F,3,2,F,3,2,F,3,2,F,3,2,F,3,3,PF,3,3,PF,3,3,PF,4,3,PF,4,3,PF,3,3,PF,3,3,PF,3,3,PF,3,3,PF
118,Morocco,5,4,PF,5,5,PF,5,5,PF,5,5,PF,5,5,PF,3,4,PF,3,4,PF,4,4,PF,4,4,PF,4,5,PF,4,5,PF,4,5,PF,4,5,PF,4,5,PF,4,5,PF,4,5,PF,4,5,PF,4,4,PF,4,4,PF,5,5,PF,6,5,PF,5,5,PF,5,5,PF,5,5,PF,5,5,PF,5,5,PF,5,4,PF,5,4,PF,5,4,PF,5,5,PF,5,5,PF,5,5,PF,5,4,PF,5,4,PF,5,4,PF,5,4,PF,5,4,PF,5,4,PF,5,4,PF,5,4,PF,5,4,PF,5,4,PF,5,4,PF,5,4,PF,5,4,PF,5,5,PF,5,5,PF,5,5,PF,5,5,PF,5,5,PF,5,5,PF,5,5,PF
119,Mozambique,NF,NF,NF,NF,NF,NF,NF,NF,NF,NF,NF,NF,7,7,NF,7,7,NF,7,7,NF,7,7,NF,7,7,NF,7,7,NF,7,7,NF,7,6,NF,6,7,NF,6,7,NF,6,7,NF,6,7,NF,6,7,NF,6,7,NF,6,6,NF,6,4,PF,6,4,PF,6,5,NF,3,5,PF,3,4,PF,3,4,PF,3,4,PF,3,4,PF,3,4,PF,3,4,PF,3,4,PF,3,4,PF,3,4,PF,3,4,PF,3,4,PF,3,4,PF,3,3,PF,3,3,PF,4,3,PF,4,3,PF,4,3,PF,4,3,PF,4,3,PF,4,3,PF,4,4,PF,4,4,PF,4,4,PF,4,4,PF,5,4,PF,5,4,PF,5,4,PF,5,4,PF,5,4,PF
120,Myanmar,7,5,NF,7,5,NF,7,5,NF,6,6,NF,6,6,NF,7,6,NF,7,6,NF,7,6,NF,7,6,NF,7,6,NF,7,6,NF,7,7,NF,7,7,NF,7,7,NF,7,7,NF,7,7,NF,7,6,NF,7,7,NF,7,7,NF,7,7,NF,7,7,NF,7,7,NF,7,7,NF,7,7,NF,7,7,NF,7,7,NF,7,7,NF,7,7,NF,7,7,NF,7,7,NF,7,7,NF,7,7,NF,7,7,NF,7,7,NF,7,7,NF,7,7,NF,7,7,NF,7,7,NF,7,7,NF,7,6,NF,6,5,NF,6,5,NF,6,6,NF,6,5,NF,5,5,PF,5,5,PF,5,5,PF,5,6,NF,5,6,NF,7,6,NF,7,6,NF,7,6,NF
121,Namibia,6,5,NF,6,5,NF,6,5,NF,NF,NF,NF,NF,NF,NF,NF,NF,NF,NF,NF,NF,NF,NF,NF,NF,NF,NF,NF,NF,NF,NF,NF,NF,NF,NF,NF,NF,NF,NF,NF,NF,NF,NF,NF,NF,NF,NF,NF,NF,NF,NF,4,3,PF,2,3,F,2,3,F,2,2,F,2,3,F,2,3,F,2,3,F,2,3,F,2,3,F,2,3,F,2,3,F,2,3,F,2,3,F,2,3,F,2,3,F,2,3,F,2,2,F,2,2,F,2,2,F,2,2,F,2,2,F,2,2,F,2,2,F,2,2,F,2,2,F,2,2,F,2,2,F,2,2,F,2,2,F,3,2,F,2,2,F,2,2,F,2,2,F,2,2,F,2,2,F
122,Nauru,2,2,F,2,2,F,2,2,F,2,2,F,2,2,F,2,2,F,2,2,F,2,2,F,2,2,F,2,2,F,2,2,F,2,2,F,2,2,F,2,2,F,2,2,F,2,2,F,2,2,F,1,2,F,1,2,F,1,2,F,1,2,F,1,3,F,1,3,F,1,3,F,1,3,F,1,3,F,1,3,F,1,3,F,1,3,F,1,3,F,1,2,F,1,1,F,1,1,F,1,1,F,1,1,F,1,1,F,1,1,F,1,1,F,1,1,F,1,1,F,1,1,F,1,1,F,1,2,F,2,2,F,2,2,F,2,2,F,2,2,F,2,3,F,2,3,F,2,3,F,2,3,F,2,3,F
123,Nepal,6,5,NF,6,5,NF,6,5,NF,6,5,NF,6,5,NF,6,5,PF,6,5,PF,5,4,PF,3,4,PF,3,4,PF,3,4,PF,3,4,PF,3,4,PF,3,4,PF,3,4,PF,3,4,PF,3,4,PF,4,5,PF,4,4,PF,2,3,F,2,3,F,3,4,PF,3,4,PF,3,4,PF,3,4,PF,3,4,PF,3,4,PF,3,4,PF,3,4,PF,3,4,PF,4,4,PF,5,4,PF,5,5,PF,6,5,NF,5,4,PF,5,4,PF,4,4,PF,4,4,PF,4,4,PF,4,4,PF,4,4,PF,4,4,PF,3,4,PF,3,4,PF,3,4,PF,3,4,PF,3,4,PF,3,4,PF,3,4,PF,3,4,PF,3,4,PF,3,4,PF
124,Netherlands,1,1,F,1,1,F,1,1,F,1,1,F,1,1,F,1,1,F,1,1,F,1,1,F,1,1,F,1,1,F,1,1,F,1,1,F,1,1,F,1,1,F,1,1,F,1,1,F,1,1,F,1,1,F,1,1,F,1,1,F,1,1,F,1,1,F,1,1,F,1,1,F,1,1,F,1,1,F,1,1,F,1,1,F,1,1,F,1,1,F,1,1,F,1,1,F,1,1,F,1,1,F,1,1,F,1,1,F,1,1,F,1,1,F,1,1,F,1,1,F,1,1,F,1,1,F,1,1,F,1,1,F,1,1,F,1,1,F,1,1,F,1,1,F,1,1,F,1,1,F,1,1,F,1,1,F
125,New Zealand,1,1,F,1,1,F,1,1,F,1,1,F,1,1,F,1,1,F,1,1,F,1,1,F,1,1,F,1,1,F,1,1,F,1,1,F,1,1,F,1,1,F,1,1,F,1,1,F,1,1,F,1,1,F,1,1,F,1,1,F,1,1,F,1,1,F,1,1,F,1,1,F,1,1,F,1,1,F,1,1,F,1,1,F,1,1,F,1,1,F,1,1,F,1,1,F,1,1,F,1,1,F,1,1,F,1,1,F,1,1,F,1,1,F,1,1,F,1,1,F,1,1,F,1,1,F,1,1,F,1,1,F,1,1,F,1,1,F,1,1,F,1,1,F,1,1,F,1,1,F,1,1,F,1,1,F
126,Nicaragua,4,3,PF,5,4,PF,5,4,PF,5,4,PF,5,5,PF,5,5,PF,5,5,PF,5,5,PF,5,5,PF,6,5,PF,6,5,PF,6,5,PF,5,5,PF,5,5,PF,5,6,PF,5,5,PF,5,4,PF,5,5,PF,3,3,PF,3,3,PF,4,3,PF,4,5,PF,4,5,PF,4,4,PF,3,3,PF,3,3,PF,2,3,PF,3,3,PF,3,3,PF,3,3,PF,3,3,PF,3,3,PF,3,3,PF,3,3,PF,3,3,PF,3,3,PF,4,3,PF,4,4,PF,4,4,PF,5,4,PF,5,4,PF,4,3,PF,4,3,PF,4,3,PF,5,4,PF,5,4,PF,6,5,NF,6,5,NF,6,5,NF,7,5,NF,7,6,NF,7,6,NF
127,Niger,6,6,NF,6,6,NF,7,6,NF,7,6,NF,7,6,NF,7,6,NF,7,6,NF,7,6,NF,7,6,NF,7,6,NF,7,6,NF,7,6,NF,7,6,NF,7,6,NF,7,6,NF,7,6,NF,6,6,NF,7,6,NF,6,5,NF,6,5,PF,5,4,PF,3,4,PF,3,5,PF,3,5,PF,7,5,NF,7,5,NF,7,5,NF,5,5,PF,4,4,PF,4,4,PF,4,4,PF,4,4,PF,3,3,PF,3,3,PF,3,3,PF,3,4,PF,3,4,PF,5,4,PF,5,4,PF,3,4,PF,3,4,PF,3,4,PF,3,4,PF,3,4,PF,4,4,PF,4,4,PF,4,4,PF,4,4,PF,4,4,PF,4,4,PF,4,4,PF,6,4,PF
128,Nigeria,6,4,PF,6,4,PF,6,4,PF,6,5,PF,6,4,PF,5,4,PF,5,3,PF,2,3,F,2,3,F,2,3,F,2,3,F,2,3,F,7,5,NF,7,5,NF,7,5,NF,6,5,PF,5,5,PF,6,5,PF,5,5,PF,5,4,PF,5,4,PF,7,5,NF,7,6,NF,7,7,NF,7,6,NF,7,6,NF,6,4,PF,4,3,PF,4,4,PF,4,5,PF,4,5,PF,4,4,PF,4,4,PF,4,4,PF,4,4,PF,4,4,PF,5,4,PF,5,4,PF,4,4,PF,4,4,PF,4,4,PF,4,4,PF,4,5,PF,4,5,PF,3,5,PF,3,5,PF,3,5,PF,4,5,PF,4,5,PF,4,5,PF,4,5,PF,4,5,PF
129,North Korea,7,7,NF,7,7,NF,7,7,NF,7,7,NF,7,7,NF,7,7,NF,7,7,NF,7,7,NF,7,7,NF,7,7,NF,7,7,NF,7,7,NF,7,7,NF,7,7,NF,7,7,NF,7,7,NF,7,7,NF,7,7,NF,7,7,NF,7,7,NF,7,7,NF,7,7,NF,7,7,NF,7,7,NF,7,7,NF,7,7,NF,7,7,NF,7,7,NF,7,7,NF,7,7,NF,7,7,NF,7,7,NF,7,7,NF,7,7,NF,7,7,NF,7,7,NF,7,7,NF,7,7,NF,7,7,NF,7,7,NF,7,7,NF,7,7,NF,7,7,NF,7,7,NF,7,7,NF,7,7,NF,7,7,NF,7,7,NF,7,7,NF,7,7,NF,7,7,NF,7,7,NF
130,Macedonia,6,6,NF,6,6,NF,6,6,NF,6,6,NF,6,6,NF,6,5,NF,6,5,NF,6,5,NF,6,5,NF,6,5,NF,6,5,NF,6,5,PF,6,5,PF,6,5,PF,6,5,PF,6,5,PF,5,5,PF,5,4,PF,5,4,PF,6,5,NF,6,5,PF,6,6,NF,4,3,PF,4,3,PF,4,3,PF,4,3,PF,3,3,PF,3,3,PF,4,3,PF,4,4,PF,3,3,PF,3,3,PF,3,3,PF,3,3,PF,3,3,PF,3,3,PF,3,3,PF,3,3,PF,3,3,PF,3,3,PF,3,3,PF,3,3,PF,4,3,PF,4,3,PF,4,3,PF,4,3,PF,4,3,PF,3,3,PF,3,3,PF,3,3,PF,3,3,PF,3,3,PF
131,Norway,1,1,F,1,1,F,1,1,F,1,1,F,1,1,F,1,1,F,1,1,F,1,1,F,1,1,F,1,1,F,1,1,F,1,1,F,1,1,F,1,1,F,1,1,F,1,1,F,1,1,F,1,1,F,1,1,F,1,1,F,1,1,F,1,1,F,1,1,F,1,1,F,1,1,F,1,1,F,1,1,F,1,1,F,1,1,F,1,1,F,1,1,F,1,1,F,1,1,F,1,1,F,1,1,F,1,1,F,1,1,F,1,1,F,1,1,F,1,1,F,1,1,F,1,1,F,1,1,F,1,1,F,1,1,F,1,1,F,1,1,F,1,1,F,1,1,F,1,1,F,1,1,F,1,1,F
132,Oman,7,6,NF,7,6,NF,7,6,NF,7,6,NF,6,6,NF,6,6,NF,6,6,NF,6,6,NF,6,6,NF,6,6,NF,6,6,NF,6,6,NF,6,6,NF,6,6,NF,6,6,NF,6,6,NF,6,6,NF,6,6,NF,6,6,NF,6,6,NF,6,5,PF,6,6,NF,6,6,NF,6,6,NF,6,6,NF,6,6,NF,6,6,NF,6,6,NF,6,5,NF,6,5,NF,6,5,NF,6,5,NF,6,5,NF,6,5,NF,6,5,NF,6,5,NF,6,5,NF,6,5,NF,6,5,NF,6,5,NF,6,5,NF,6,5,NF,6,5,NF,6,5,NF,6,5,NF,6,5,NF,6,5,NF,6,5,NF,6,5,NF,6,5,NF,6,5,NF,6,5,NF
133,Pakistan,3,5,PF,3,5,PF,3,5,PF,5,5,PF,4,5,PF,6,4,PF,6,5,PF,6,5,NF,7,5,NF,7,5,NF,7,5,NF,7,5,NF,7,5,NF,4,5,PF,4,5,PF,4,5,PF,3,3,PF,3,3,PF,4,4,PF,4,5,PF,4,5,PF,3,5,PF,3,5,PF,3,5,PF,4,5,PF,4,5,PF,4,5,PF,7,5,NF,6,5,NF,6,5,NF,6,5,NF,6,5,NF,6,5,NF,6,5,NF,6,5,NF,6,5,NF,4,5,PF,4,5,PF,4,5,PF,4,5,PF,4,5,PF,4,5,PF,4,5,PF,4,5,PF,4,5,PF,4,5,PF,5,5,PF,5,5,PF,5,5,PF,5,5,PF,5,5,PF,5,5,PF
134,Palau,-,-,-,-,-,-,-,-,-,-,-,-,-,-,-,-,-,-,-,-,-,-,-,-,-,-,-,-,-,-,-,-,-,-,-,-,-,-,-,-,-,-,-,-,-,-,-,-,-,-,-,-,-,-,-,-,-,-,-,-,-,-,-,-,-,-,1,2,F,1,2,F,1,2,F,1,2,F,1,2,F,1,2,F,1,2,F,1,2,F,1,2,F,1,1,F,1,1,F,1,1,F,1,1,F,1,1,F,1,1,F,1,1,F,1,1,F,1,1,F,1,1,F,1,1,F,1,1,F,1,1,F,1,1,F,1,1,F,1,1,F,1,1,F,1,1,F,1,1,F,1,1,F,1,1,F
135,Panama,7,6,NF,7,6,NF,7,6,NF,7,6,NF,7,6,NF,6,5,NF,5,5,PF,5,5,PF,4,4,PF,5,5,PF,5,5,PF,5,4,PF,4,3,PF,6,3,PF,6,3,PF,5,5,PF,6,5,NF,7,6,NF,4,2,PF,4,2,PF,4,3,PF,3,3,PF,2,3,F,2,3,F,2,3,F,2,3,F,2,3,F,1,2,F,1,2,F,1,2,F,1,2,F,1,2,F,1,2,F,1,2,F,1,2,F,1,2,F,1,2,F,1,2,F,1,2,F,1,2,F,1,2,F,2,2,F,2,2,F,2,2,F,2,2,F,2,2,F,1,2,F,1,2,F,2,2,F,2,2,F,2,2,F,2,2,F
136,Papua New Guinea,NF,NF,NF,NF,NF,NF,NF,NF,NF,NF,NF,NF,2,2,F,2,2,F,2,2,F,2,2,F,2,2,F,2,2,F,2,2,F,2,2,F,2,2,F,2,2,F,2,2,F,2,2,F,2,3,F,2,2,F,2,3,F,2,3,F,2,3,F,2,4,PF,2,4,PF,2,4,PF,2,4,PF,2,4,PF,2,3,F,2,3,F,2,3,F,2,3,F,2,3,F,3,3,PF,3,3,PF,3,3,PF,3,3,PF,3,3,PF,4,3,PF,4,3,PF,4,3,PF,4,3,PF,4,3,PF,3,3,PF,4,3,PF,4,3,PF,3,3,PF,3,3,PF,4,3,PF,4,3,PF,4,3,PF,4,3,PF,4,3,PF,4,3,PF
137,Paraguay,4,6,PF,5,5,PF,5,5,PF,5,5,PF,5,6,NF,5,6,NF,5,5,PF,5,5,PF,5,5,PF,5,5,PF,5,5,PF,5,5,PF,5,5,PF,5,5,PF,5,6,PF,5,6,PF,6,6,NF,4,3,PF,4,3,PF,3,3,PF,3,3,PF,3,3,PF,4,3,PF,4,3,PF,4,3,PF,4,3,PF,4,3,PF,4,3,PF,4,3,PF,4,3,PF,4,3,PF,3,3,PF,3,3,PF,3,3,PF,3,3,PF,3,3,PF,3,3,PF,3,3,PF,3,3,PF,3,3,PF,3,3,PF,3,3,PF,3,3,PF,3,3,PF,3,3,PF,3,3,PF,3,3,PF,3,3,PF,3,3,PF,3,3,PF,3,3,PF,3,3,PF
138,Peru,7,5,NF,7,5,NF,6,6,NF,6,4,PF,6,4,PF,6,4,PF,5,4,PF,5,4,PF,2,3,F,2,3,F,2,3,F,2,3,F,2,3,F,2,3,F,2,3,F,2,3,F,2,3,F,2,4,PF,3,4,PF,3,5,PF,6,5,PF,5,5,PF,5,4,PF,5,4,PF,4,3,PF,5,4,PF,5,4,PF,5,4,PF,3,4,PF,1,3,F,2,3,F,2,3,F,2,3,F,2,3,F,2,3,F,2,3,F,2,3,F,2,3,F,2,3,F,2,3,F,2,3,F,2,3,F,2,3,F,2,3,F,2,3,F,2,3,F,2,3,F,2,3,F,3,3,PF,2,3,F,3,3,PF,3,3,PF
139,Philippines,4,6,PF,5,5,PF,5,5,PF,5,5,PF,5,5,PF,5,5,PF,5,5,PF,5,5,PF,5,5,PF,5,4,PF,5,4,PF,5,5,PF,4,4,PF,4,3,PF,4,2,PF,2,2,F,2,3,F,2,3,F,3,3,PF,3,3,PF,3,3,PF,3,4,PF,3,4,PF,2,4,PF,2,3,F,2,3,F,2,3,F,2,3,F,2,3,F,2,3,F,2,3,F,2,3,F,2,3,F,3,3,PF,3,3,PF,4,3,PF,4,3,PF,4,3,PF,3,3,PF,3,3,PF,3,3,PF,3,3,PF,3,3,PF,3,3,PF,3,3,PF,3,3,PF,3,3,PF,3,4,PF,3,4,PF,3,4,PF,3,4,PF,3,4,PF
140,Poland,6,6,NF,6,6,NF,6,6,NF,6,6,NF,6,6,NF,6,5,NF,6,5,PF,6,5,PF,6,4,PF,7,5,NF,7,5,NF,6,5,PF,6,5,PF,6,5,PF,6,5,PF,5,5,PF,5,5,PF,4,3,PF,2,2,F,2,2,F,2,2,F,2,2,F,2,2,F,1,2,F,1,2,F,1,2,F,1,2,F,1,2,F,1,2,F,1,2,F,1,2,F,1,2,F,1,1,F,1,1,F,1,1,F,1,1,F,1,1,F,1,1,F,1,1,F,1,1,F,1,1,F,1,1,F,1,1,F,1,1,F,1,2,F,1,2,F,2,2,F,2,2,F,2,2,F,2,2,F,2,2,F,2,2,F
141,Portugal,5,6,NF,5,6,NF,5,3,PF,5,3,PF,2,2,F,2,2,F,2,2,F,2,2,F,2,2,F,2,2,F,2,2,F,1,2,F,1,2,F,1,2,F,1,2,F,1,2,F,1,2,F,1,2,F,1,2,F,1,1,F,1,1,F,1,1,F,1,1,F,1,1,F,1,1,F,1,1,F,1,1,F,1,1,F,1,1,F,1,1,F,1,1,F,1,1,F,1,1,F,1,1,F,1,1,F,1,1,F,1,1,F,1,1,F,1,1,F,1,1,F,1,1,F,1,1,F,1,1,F,1,1,F,1,1,F,1,1,F,1,1,F,1,1,F,1,1,F,1,1,F,1,1,F,1,1,F
142,Qatar,6,5,NF,6,5,NF,6,5,NF,6,5,NF,5,5,PF,5,5,PF,5,5,PF,5,5,PF,5,5,PF,5,5,PF,5,5,PF,5,5,PF,5,5,PF,5,5,PF,5,5,PF,5,5,PF,5,5,PF,7,5,NF,7,5,NF,7,5,NF,7,6,NF,7,6,NF,7,6,NF,7,6,NF,7,6,NF,7,6,NF,7,6,NF,6,6,NF,6,6,NF,6,6,NF,6,6,NF,6,6,NF,6,5,NF,6,5,NF,6,5,NF,6,5,NF,6,5,NF,6,5,NF,6,5,NF,6,5,NF,6,5,NF,6,5,NF,6,5,NF,6,5,NF,6,5,NF,6,5,NF,6,5,NF,6,5,NF,6,5,NF,6,5,NF,6,5,NF,6,5,NF
143,Romania,7,6,NF,7,6,NF,7,6,NF,7,6,NF,7,6,NF,7,6,NF,7,6,NF,7,6,NF,7,6,NF,7,6,NF,7,6,NF,7,6,NF,7,7,NF,7,7,NF,7,7,NF,7,7,NF,7,7,NF,7,7,NF,6,5,NF,5,5,PF,4,4,PF,4,4,PF,4,3,PF,4,3,PF,2,3,F,2,2,F,2,2,F,2,2,F,2,2,F,2,2,F,2,2,F,2,2,F,3,2,F,2,2,F,2,2,F,2,2,F,2,2,F,2,2,F,2,2,F,2,2,F,2,2,F,2,2,F,2,2,F,2,2,F,2,2,F,2,2,F,2,2,F,2,2,F,2,2,F,2,2,F,2,2,F,2,2,F
144,Russia,6,6,NF,6,6,NF,6,6,NF,7,6,NF,7,6,NF,7,6,NF,6,6,NF,6,6,NF,6,7,NF,6,7,NF,6,7,NF,6,7,NF,7,7,NF,7,7,NF,7,7,NF,7,6,NF,6,5,NF,6,5,NF,5,4,PF,3,3,PF,3,4,PF,3,4,PF,3,4,PF,3,4,PF,3,4,PF,3,4,PF,4,4,PF,4,5,PF,5,5,PF,5,5,PF,5,5,PF,5,5,PF,6,5,NF,6,5,NF,6,5,NF,6,5,NF,6,5,NF,6,5,NF,6,5,NF,6,5,NF,6,5,NF,6,5,NF,6,6,NF,6,6,NF,7,6,NF,7,6,NF,7,6,NF,7,6,NF,7,6,NF,7,6,NF,7,6,NF,7,6,NF
145,Rwanda,7,6,NF,7,6,NF,7,5,NF,7,5,NF,7,5,NF,7,5,NF,6,6,NF,6,6,NF,6,6,NF,6,6,NF,6,6,NF,6,6,NF,6,6,NF,6,6,NF,6,6,NF,6,6,NF,6,6,NF,6,6,NF,6,6,NF,6,6,NF,6,5,NF,6,5,NF,7,7,NF,7,6,NF,7,6,NF,7,6,NF,7,6,NF,7,6,NF,7,6,NF,7,6,NF,7,5,NF,6,5,NF,6,5,NF,6,5,NF,6,5,NF,6,5,NF,6,5,NF,6,5,NF,6,5,NF,6,5,NF,6,6,NF,6,5,NF,6,6,NF,6,6,NF,6,6,NF,6,6,NF,6,6,NF,6,6,NF,6,6,NF,6,6,NF,6,6,NF,6,6,NF
146,Samoa,4,2,PF,4,2,PF,4,2,PF,4,2,PF,4,2,PF,4,2,PF,4,2,PF,4,2,PF,4,3,PF,4,3,PF,4,3,PF,4,3,PF,4,3,PF,4,3,PF,4,3,PF,4,3,PF,4,3,PF,2,2,F,2,2,F,2,2,F,2,2,F,2,2,F,2,2,F,2,2,F,2,2,F,2,2,F,2,3,F,2,2,F,2,2,F,2,2,F,2,2,F,2,2,F,2,2,F,2,2,F,2,2,F,2,2,F,2,2,F,2,2,F,2,2,F,2,2,F,2,2,F,2,2,F,2,2,F,2,2,F,2,2,F,2,2,F,2,2,F,2,2,F,2,2,F,2,2,F,2,2,F,2,2,F
147,San Marino,2,2,F,2,2,F,2,2,F,2,2,F,2,2,F,-,-,-,-,-,-,-,-,-,-,-,-,-,-,-,-,-,-,-,-,-,-,-,-,-,-,-,-,-,-,-,-,-,-,-,-,-,-,-,-,-,-,-,-,-,1,1,F,1,1,F,1,1,F,1,1,F,1,1,F,1,1,F,1,1,F,1,1,F,1,1,F,1,1,F,1,1,F,1,1,F,1,1,F,1,1,F,1,1,F,1,1,F,1,1,F,1,1,F,1,1,F,1,1,F,1,1,F,1,1,F,1,1,F,1,1,F,1,1,F,1,1,F,1,1,F,1,1,F,1,1,F,1,1,F,1,1,F,1,1,F
148,Sao Tome and Principe,-,-,-,-,-,-,-,-,-,5,5,PF,5,5,PF,6,5,NF,6,6,NF,6,6,NF,6,6,NF,6,6,NF,6,6,NF,7,7,NF,7,7,NF,7,7,NF,7,7,NF,7,7,NF,6,7,NF,6,5,NF,5,5,PF,2,3,F,2,3,F,1,2,F,1,2,F,1,2,F,1,2,F,1,2,F,1,2,F,1,2,F,1,2,F,1,2,F,1,2,F,2,2,F,2,2,F,2,2,F,2,2,F,2,2,F,2,2,F,2,2,F,2,2,F,2,2,F,2,2,F,2,2,F,2,2,F,2,2,F,2,2,F,2,2,F,2,2,F,2,2,F,2,2,F,2,2,F,2,2,F,2,2,F
149,Saudi Arabia,6,6,NF,6,6,NF,6,6,NF,6,6,NF,6,6,NF,6,6,NF,6,6,NF,6,6,NF,6,6,NF,6,6,NF,6,6,NF,6,7,NF,6,7,NF,6,7,NF,6,7,NF,6,7,NF,6,7,NF,7,6,NF,7,6,NF,7,6,NF,7,7,NF,7,7,NF,7,7,NF,7,7,NF,7,7,NF,7,7,NF,7,7,NF,7,7,NF,7,7,NF,7,7,NF,7,7,NF,7,7,NF,7,7,NF,7,6,NF,7,6,NF,7,6,NF,7,6,NF,7,6,NF,7,6,NF,7,7,NF,7,7,NF,7,7,NF,7,7,NF,7,7,NF,7,7,NF,7,7,NF,7,7,NF,7,7,NF,7,7,NF,7,7,NF,7,7,NF,7,7,NF
150,Senegal,6,6,NF,6,6,NF,6,5,NF,6,4,PF,6,4,PF,5,3,PF,4,3,PF,4,4,PF,4,4,PF,4,4,PF,4,4,PF,4,4,PF,3,4,PF,3,4,PF,3,4,PF,3,4,PF,3,4,PF,4,3,PF,4,3,PF,4,3,PF,4,3,PF,4,5,PF,4,5,PF,4,5,PF,4,4,PF,4,4,PF,4,4,PF,4,4,PF,3,4,PF,3,4,PF,2,3,F,2,3,F,2,3,F,2,3,F,2,3,F,2,3,F,3,3,PF,3,3,PF,3,3,PF,3,3,PF,2,3,F,2,2,F,2,2,F,2,2,F,2,2,F,2,2,F,2,3,F,3,3,PF,3,3,PF,3,3,PF,3,3,PF,3,3,PF
151,Republic of Serbia,6,6,NF,6,6,NF,6,6,NF,6,6,NF,6,6,NF,6,5,NF,6,5,NF,6,5,NF,6,5,NF,6,5,NF,6,5,NF,6,5,PF,6,5,PF,6,5,PF,6,5,PF,6,5,PF,5,5,PF,5,4,PF,5,4,PF,6,5,NF,6,5,PF,6,6,NF,6,6,NF,6,6,NF,6,6,NF,6,6,NF,6,6,NF,5,5,PF,4,4,PF,3,3,PF,3,2,F,3,2,F,3,2,F,3,2,F,-,-,-,3,2,F,3,2,F,2,2,F,2,2,F,2,2,F,2,2,F,2,2,F,2,2,F,2,2,F,3,2,F,3,2,F,3,3,PF,4,3,PF,4,3,PF,4,3,PF,4,3,PF,4,3,PF
152,Serbia and Montenegro,-,-,-,-,-,-,-,-,-,-,-,-,-,-,-,-,-,-,-,-,-,-,-,-,-,-,-,-,-,-,-,-,-,-,-,-,-,-,-,-,-,-,-,-,-,-,-,-,-,-,-,-,-,-,-,-,-,-,-,-,-,-,-,-,-,-,-,-,-,-,-,-,-,-,-,-,-,-,-,-,-,-,-,-,-,-,-,-,-,-,-,-,-,3,2,F,3,2,F,3,2,F,-,-,-,-,-,-,-,-,-,-,-,-,-,-,-,-,-,-,-,-,-,-,-,-,-,-,-,-,-,-,-,-,-,-,-,-,-,-,-,-,-,-,-,-,-,-,-,-,-,-,-,-,-,-
153,Seychelles,-,-,-,-,-,-,-,-,-,-,-,-,1,2,F,6,3,PF,6,5,PF,6,6,NF,6,6,NF,6,6,NF,6,6,NF,6,6,NF,6,6,NF,6,6,NF,6,6,NF,6,6,NF,6,6,NF,6,6,NF,6,6,NF,6,6,NF,6,4,PF,3,4,PF,3,4,PF,3,3,PF,3,3,PF,3,3,PF,3,3,PF,3,3,PF,3,3,PF,3,3,PF,3,3,PF,3,3,PF,3,3,PF,3,3,PF,3,3,PF,3,3,PF,3,3,PF,3,3,PF,3,3,PF,3,3,PF,3,3,PF,3,3,PF,3,3,PF,3,3,PF,3,3,PF,3,3,PF,3,3,PF,3,3,PF,2,3,F,2,2,F,2,2,F,2,2,F
154,Sierra Leone,4,5,PF,6,5,PF,6,5,PF,6,5,PF,6,5,PF,5,5,PF,5,5,PF,5,5,PF,5,5,PF,5,5,PF,5,5,PF,5,5,PF,4,5,PF,5,5,PF,5,5,PF,5,5,PF,5,5,PF,6,5,PF,6,5,PF,6,5,PF,7,6,NF,7,6,NF,7,6,NF,7,6,NF,4,5,PF,7,6,NF,3,5,PF,3,5,PF,4,5,PF,4,5,PF,4,4,PF,4,3,PF,4,3,PF,4,3,PF,4,3,PF,3,3,PF,3,3,PF,3,3,PF,3,3,PF,3,3,PF,2,3,F,3,3,PF,3,3,PF,3,3,PF,3,3,PF,3,3,PF,3,3,PF,3,3,PF,3,3,PF,3,3,PF,3,3,PF,3,3,PF
155,Singapore,5,5,PF,5,5,PF,5,5,PF,5,5,PF,5,5,PF,5,5,PF,5,5,PF,5,5,PF,5,5,PF,4,5,PF,4,5,PF,4,5,PF,4,5,PF,4,5,PF,4,5,PF,4,5,PF,4,5,PF,4,4,PF,4,4,PF,4,4,PF,4,5,PF,5,5,PF,5,5,PF,5,5,PF,4,5,PF,5,5,PF,5,5,PF,5,5,PF,5,5,PF,5,5,PF,5,4,PF,5,4,PF,5,4,PF,5,4,PF,5,4,PF,5,4,PF,5,4,PF,5,4,PF,5,4,PF,4,4,PF,4,4,PF,4,4,PF,4,4,PF,4,4,PF,4,4,PF,4,4,PF,4,4,PF,4,4,PF,4,4,PF,4,4,PF,4,4,PF,4,4,PF
156,Slovakia,7,7,NF,7,7,NF,7,7,NF,7,6,NF,7,6,NF,7,6,NF,7,6,NF,7,6,NF,7,6,NF,7,6,NF,7,6,NF,7,6,NF,7,6,NF,7,6,NF,7,6,NF,7,6,NF,7,6,NF,6,6,NF,2,2,F,2,2,F,2,2,F,3,4,PF,2,3,F,2,3,F,2,4,PF,2,4,PF,2,2,F,1,2,F,1,2,F,1,2,F,1,2,F,1,2,F,1,1,F,1,1,F,1,1,F,1,1,F,1,1,F,1,1,F,1,1,F,1,1,F,1,1,F,1,1,F,1,1,F,1,1,F,1,1,F,1,1,F,1,2,F,1,2,F,1,1,F,1,1,F,1,1,F,1,1,F
157,Slovenia,6,6,NF,6,6,NF,6,6,NF,6,6,NF,6,6,NF,6,5,NF,6,5,NF,6,5,NF,6,5,NF,6,5,NF,6,5,NF,6,5,PF,6,5,PF,6,5,PF,6,5,PF,6,5,PF,5,5,PF,5,4,PF,5,4,PF,6,5,NF,6,5,PF,6,6,NF,1,2,F,1,2,F,1,2,F,1,2,F,1,2,F,1,2,F,1,2,F,1,2,F,1,1,F,1,1,F,1,1,F,1,1,F,1,1,F,1,1,F,1,1,F,1,1,F,1,1,F,1,1,F,1,1,F,1,1,F,1,1,F,1,1,F,1,1,F,1,1,F,1,1,F,1,1,F,1,1,F,1,2,F,1,1,F,1,1,F
158,Solomon Islands,-,-,-,-,-,-,-,-,-,-,-,-,-,-,-,-,-,-,2,2,F,2,2,F,2,2,F,2,2,F,2,2,F,2,2,F,2,3,F,2,3,F,2,2,F,2,2,F,2,2,F,1,1,F,1,1,F,1,1,F,1,1,F,1,2,F,1,2,F,1,2,F,1,2,F,1,2,F,1,2,F,1,2,F,4,4,PF,4,4,PF,3,3,PF,3,3,PF,3,3,PF,3,3,PF,4,3,PF,4,3,PF,4,3,PF,4,3,PF,4,3,PF,4,3,PF,4,3,PF,4,3,PF,3,3,PF,3,3,PF,3,2,F,3,2,F,2,2,F,2,2,F,2,2,F,2,2,F,3,2,F,3,2,F
159,Somalia,7,6,NF,7,6,NF,7,6,NF,7,6,NF,7,7,NF,7,7,NF,7,7,NF,7,7,NF,7,7,NF,7,7,NF,7,7,NF,7,7,NF,7,7,NF,7,7,NF,7,7,NF,7,7,NF,7,7,NF,7,7,NF,7,7,NF,7,7,NF,7,7,NF,7,7,NF,7,7,NF,7,7,NF,7,7,NF,7,7,NF,7,7,NF,7,7,NF,6,7,NF,6,7,NF,6,7,NF,6,7,NF,6,7,NF,6,7,NF,7,7,NF,7,7,NF,7,7,NF,7,7,NF,7,7,NF,7,7,NF,7,7,NF,7,7,NF,7,7,NF,7,7,NF,7,7,NF,7,7,NF,7,7,NF,7,7,NF,7,7,NF,7,7,NF,7,7,NF,7,7,NF
160,South Africa,2(5),3(6),F (NF),4,5,PF,4,5,PF,4,5,PF,4,5,PF,5,6,PF,5,6,PF,5,6,PF,5,6,PF,5,6,NF,5,6,NF,5,6,PF,5,6,PF,5,6,PF,5,6,PF,5,6,PF,5,6,PF,6,5,PF,5,4,PF,5,4,PF,5,4,PF,5,4,PF,2,3,F,1,2,F,1,2,F,1,2,F,1,2,F,1,2,F,1,2,F,1,2,F,1,2,F,1,2,F,1,2,F,1,2,F,2,2,F,2,2,F,2,2,F,2,2,F,2,2,F,2,2,F,2,2,F,2,2,F,2,2,F,2,2,F,2,2,F,2,2,F,2,2,F,2,2,F,2,2,F,2,2,F,2,2,F,2,2,F
161,South Korea,5,6,NF,4,6,PF,5,6,PF,5,5,PF,5,6,PF,5,5,PF,4,5,PF,4,5,PF,5,6,PF,5,5,PF,5,5,PF,5,6,PF,5,5,PF,4,5,PF,4,5,PF,4,4,PF,2,3,F,2,3,F,2,3,F,2,3,F,2,3,F,2,2,F,2,2,F,2,2,F,2,2,F,2,2,F,2,2,F,2,2,F,2,2,F,2,2,F,2,2,F,2,2,F,1,2,F,1,2,F,1,2,F,1,2,F,1,2,F,1,2,F,1,2,F,1,2,F,1,2,F,2,2,F,2,2,F,2,2,F,2,2,F,2,2,F,2,2,F,2,2,F,2,2,F,2,2,F,2,2,F,2,2,F
162,South Sudan,6,6,NF,6,6,NF,6,6,NF,6,6,NF,6,6,NF,6,5,NF,5,5,PF,5,5,PF,5,5,PF,5,5,PF,5,5,PF,5,5,PF,6,6,NF,6,6,NF,4,5,PF,4,5,PF,4,5,PF,7,7,NF,7,7,NF,7,7,NF,7,7,NF,7,7,NF,7,7,NF,7,7,NF,7,7,NF,7,7,NF,7,7,NF,7,7,NF,7,7,NF,7,7,NF,7,7,NF,7,7,NF,7,7,NF,7,7,NF,7,7,NF,7,7,NF,7,7,NF,7,7,NF,7,7,NF,6,5,NF,6,5,NF,6,6,NF,7,6,NF,7,6,NF,7,7,NF,7,7,NF,7,7,NF,7,7,NF,7,7,NF,7,7,NF,7,7,NF,7,7,NF
163,Spain,5,6,NF,5,6,NF,5,5,PF,5,5,PF,5,3,PF,2,3,F,2,2,F,2,2,F,2,3,F,2,3,F,2,3,F,1,2,F,1,2,F,1,2,F,1,2,F,1,2,F,1,2,F,1,1,F,1,1,F,1,1,F,1,1,F,1,2,F,1,2,F,1,2,F,1,2,F,1,2,F,1,2,F,1,2,F,1,2,F,1,2,F,1,1,F,1,1,F,1,1,F,1,1,F,1,1,F,1,1,F,1,1,F,1,1,F,1,1,F,1,1,F,1,1,F,1,1,F,1,1,F,1,1,F,1,1,F,1,1,F,1,1,F,1,1,F,1,1,F,1,1,F,1,1,F,1,1,F
164,Sri Lanka,2,3,F,2,3,F,2,3,F,2,4,PF,2,3,F,2,2,F,2,3,F,2,3,F,2,3,F,2,3,F,2,3,F,3,4,PF,3,4,PF,3,4,PF,3,4,PF,3,4,PF,3,4,PF,4,5,PF,4,5,PF,4,5,PF,4,5,PF,4,5,PF,4,5,PF,4,5,PF,3,5,PF,3,4,PF,3,4,PF,3,4,PF,3,4,PF,3,4,PF,3,4,PF,3,3,PF,3,3,PF,3,3,PF,4,4,PF,4,4,PF,4,4,PF,4,4,PF,5,4,PF,5,4,PF,5,4,PF,5,4,PF,5,5,PF,4,4,PF,3,4,PF,3,4,PF,3,4,PF,4,4,PF,4,4,PF,4,4,PF,4,4,PF,4,4,PF
165,St. Kitts and Nevis,-,-,-,-,-,-,-,-,-,-,-,-,-,-,-,-,-,-,-,-,-,-,-,-,-,-,-,-,-,-,-,-,-,2,2,F,1,1,F,1,1,F,1,1,F,1,2,F,1,2,F,1,1,F,1,1,F,1,1,F,1,1,F,1,1,F,2,2,F,1,2,F,1,2,F,1,2,F,1,2,F,1,2,F,1,2,F,1,2,F,1,2,F,1,2,F,1,2,F,1,1,F,1,1,F,1,1,F,1,1,F,1,1,F,1,1,F,1,1,F,1,1,F,1,1,F,1,1,F,2,1,F,1,1,F,1,1,F,1,1,F,1,1,F,2,1,F,2,1,F,2,1,F,2,1,F
166,St. Lucia,-,-,-,-,-,-,-,-,-,-,-,-,-,-,-,-,-,-,-,-,-,2,3,F,2,2,F,2,2,F,2,2,F,2,2,F,1,2,F,1,2,F,1,2,F,1,2,F,1,2,F,1,2,F,1,2,F,1,2,F,1,2,F,1,2,F,1,2,F,1,2,F,1,2,F,1,2,F,1,2,F,1,2,F,1,2,F,1,2,F,1,2,F,1,2,F,1,2,F,1,1,F,1,1,F,1,1,F,1,1,F,1,1,F,1,1,F,1,1,F,1,1,F,1,1,F,1,1,F,1,1,F,1,1,F,1,1,F,1,1,F,1,1,F,1,1,F,1,1,F,1,1,F,1,1,F
167,St. Vincent and the Grenadines,-,-,-,-,-,-,-,-,-,-,-,-,-,-,-,-,-,-,-,-,-,2,2,F,2,2,F,2,2,F,2,2,F,2,2,F,2,2,F,2,2,F,2,2,F,1,2,F,1,2,F,1,2,F,1,2,F,1,2,F,1,2,F,1,1,F,2,1,F,2,1,F,2,1,F,2,1,F,2,1,F,2,1,F,2,1,F,2,1,F,2,1,F,2,1,F,2,1,F,2,1,F,2,1,F,2,1,F,2,1,F,2,1,F,1,1,F,1,1,F,1,1,F,1,1,F,1,1,F,1,1,F,1,1,F,1,1,F,1,1,F,1,1,F,1,1,F,1,1,F,1,1,F,1,1,F
168,Sudan,6,6,NF,6,6,NF,6,6,NF,6,6,NF,6,6,NF,6,5,NF,5,5,PF,5,5,PF,5,5,PF,5,5,PF,5,5,PF,5,5,PF,6,6,NF,6,6,NF,4,5,PF,4,5,PF,4,5,PF,7,7,NF,7,7,NF,7,7,NF,7,7,NF,7,7,NF,7,7,NF,7,7,NF,7,7,NF,7,7,NF,7,7,NF,7,7,NF,7,7,NF,7,7,NF,7,7,NF,7,7,NF,7,7,NF,7,7,NF,7,7,NF,7,7,NF,7,7,NF,7,7,NF,7,7,NF,7,7,NF,7,7,NF,7,7,NF,7,7,NF,7,7,NF,7,7,NF,7,7,NF,7,7,NF,7,6,NF,7,6,NF,7,6,NF,7,6,NF,7,6,NF
169,Suriname,NF,NF,NF,NF,NF,NF,NF,NF,NF,NF,NF,NF,2,2,F,2,2,F,2,2,F,2,2,F,7,5,NF,7,5,NF,7,5,NF,7,6,NF,7,6,NF,6,6,NF,6,6,NF,4,4,PF,3,2,F,3,3,PF,6,4,PF,4,4,PF,3,3,PF,3,3,PF,3,3,PF,3,3,PF,3,3,PF,3,3,PF,3,3,PF,3,3,PF,1,2,F,1,2,F,1,2,F,1,2,F,1,2,F,2,2,F,2,2,F,2,2,F,2,2,F,2,2,F,2,2,F,2,2,F,2,2,F,2,2,F,2,2,F,2,3,F,2,3,F,2,2,F,2,3,F,2,3,F,2,2,F,2,2,F,2,2,F,2,2,F
170,Sweden,1,1,F,1,1,F,1,1,F,2,1,F,1,1,F,1,1,F,1,1,F,1,1,F,1,1,F,1,1,F,1,1,F,1,1,F,1,1,F,1,1,F,1,1,F,1,1,F,1,1,F,1,1,F,1,1,F,1,1,F,1,1,F,1,1,F,1,1,F,1,1,F,1,1,F,1,1,F,1,1,F,1,1,F,1,1,F,1,1,F,1,1,F,1,1,F,1,1,F,1,1,F,1,1,F,1,1,F,1,1,F,1,1,F,1,1,F,1,1,F,1,1,F,1,1,F,1,1,F,1,1,F,1,1,F,1,1,F,1,1,F,1,1,F,1,1,F,1,1,F,1,1,F,1,1,F
171,Switzerland,1,1,F,1,1,F,1,1,F,1,1,F,1,1,F,1,1,F,1,1,F,1,1,F,1,1,F,1,1,F,1,1,F,1,1,F,1,1,F,1,1,F,1,1,F,1,1,F,1,1,F,1,1,F,1,1,F,1,1,F,1,1,F,1,1,F,1,1,F,1,1,F,1,1,F,1,1,F,1,1,F,1,1,F,1,1,F,1,1,F,1,1,F,1,1,F,1,1,F,1,1,F,1,1,F,1,1,F,1,1,F,1,1,F,1,1,F,1,1,F,1,1,F,1,1,F,1,1,F,1,1,F,1,1,F,1,1,F,1,1,F,1,1,F,1,1,F,1,1,F,1,1,F,1,1,F
172,Syria,7,7,NF,7,7,NF,6,7,NF,6,7,NF,6,6,NF,5,6,PF,5,6,PF,5,6,PF,5,7,NF,5,7,NF,5,7,NF,6,7,NF,6,7,NF,6,7,NF,6,7,NF,6,7,NF,6,7,NF,7,7,NF,7,7,NF,7,7,NF,7,7,NF,7,7,NF,7,7,NF,7,7,NF,7,7,NF,7,7,NF,7,7,NF,7,7,NF,7,7,NF,7,7,NF,7,7,NF,7,7,NF,7,7,NF,7,7,NF,7,6,NF,7,6,NF,7,6,NF,7,6,NF,7,6,NF,7,7,NF,7,7,NF,7,7,NF,7,7,NF,7,7,NF,7,7,NF,7,7,NF,7,7,NF,7,7,NF,7,7,NF,7,7,NF,7,7,NF,7,7,NF
173,Taiwan,6,5,NF,6,5,NF,6,5,NF,6,5,NF,5,5,PF,5,4,PF,5,5,PF,5,5,PF,5,5,PF,5,5,PF,5,5,PF,5,5,PF,5,5,PF,5,5,PF,5,5,PF,5,4,PF,5,3,PF,4,3,PF,3,3,PF,3,3,PF,3,3,PF,4,4,PF,3,3,PF,3,3,PF,2,2,F,2,2,F,2,2,F,2,2,F,1,2,F,1,2,F,2,2,F,2,2,F,2,1,F,1,1,F,2,1,F,2,1,F,2,1,F,1,2,F,1,2,F,1,2,F,1,2,F,1,2,F,1,2,F,1,2,F,1,1,F,1,1,F,1,1,F,1,1,F,1,1,F,1,1,F,1,1,F,1,1,F
174,Tajikistan,6,6,NF,6,6,NF,6,6,NF,7,6,NF,7,6,NF,7,6,NF,6,6,NF,6,6,NF,6,7,NF,6,7,NF,6,7,NF,6,7,NF,7,7,NF,7,7,NF,7,7,NF,7,6,NF,6,5,NF,6,5,NF,5,4,PF,5,5,PF,6,6,NF,7,7,NF,7,7,NF,7,7,NF,7,7,NF,6,6,NF,6,6,NF,6,6,NF,6,6,NF,6,6,NF,6,5,NF,6,5,NF,6,5,NF,6,5,NF,6,5,NF,6,5,NF,6,5,NF,6,5,NF,6,5,NF,6,5,NF,6,6,NF,6,6,NF,6,6,NF,7,6,NF,7,6,NF,7,6,NF,7,6,NF,7,6,NF,7,6,NF,7,6,NF,7,7,NF,7,7,NF
175,United Republic of Tanzania,6,6,NF,6,6,NF,6,6,NF,6,6,NF,6,6,NF,6,6,NF,6,6,NF,6,6,NF,6,6,NF,6,6,NF,6,6,NF,6,6,NF,6,6,NF,6,6,NF,6,6,NF,6,6,NF,6,6,NF,6,6,NF,6,5,NF,6,5,NF,6,5,PF,6,5,NF,6,6,NF,5,5,PF,5,5,PF,5,5,PF,5,4,PF,4,4,PF,4,4,PF,4,4,PF,4,3,PF,4,3,PF,4,3,PF,4,3,PF,4,3,PF,4,3,PF,4,3,PF,4,3,PF,3,3,PF,3,3,PF,3,3,PF,3,3,PF,3,3,PF,3,4,PF,3,4,PF,4,4,PF,4,5,PF,5,5,PF,5,5,PF,5,5,PF,5,5,PF,5,5,PF
176,Thailand,7,5,NF,6,3,PF,5,3,PF,2,3,F,6,6,NF,6,5,NF,5,4,PF,4,4,PF,3,4,PF,3,4,PF,3,4,PF,3,4,PF,3,4,PF,3,4,PF,3,3,PF,3,3,PF,3,3,PF,2,3,F,2,3,F,6,4,PF,3,4,PF,3,5,PF,3,5,PF,3,4,PF,3,3,PF,3,3,PF,2,3,F,2,3,F,2,3,F,2,3,F,2,3,F,2,3,F,2,3,F,3,3,PF,7,4,NF,6,4,PF,5,4,PF,5,4,PF,5,4,PF,4,4,PF,4,4,PF,4,4,PF,6,5,NF,6,5,NF,6,5,NF,6,5,NF,7,5,NF,6,4,PF,7,5,NF,7,5,NF,6,5,NF,5,5,PF
177,Gambia,2,2,F,2,2,F,2,2,F,2,2,F,2,2,F,2,2,F,2,2,F,2,2,F,2,3,F,3,4,PF,3,4,PF,3,4,PF,3,4,PF,3,4,PF,3,4,PF,3,3,PF,3,3,PF,2,2,F,2,2,F,2,2,F,1,2,F,2,2,F,7,6,NF,7,6,NF,7,6,NF,7,6,NF,7,5,NF,7,5,NF,7,5,NF,5,5,PF,4,4,PF,4,4,PF,4,4,PF,5,4,PF,5,4,PF,5,4,PF,5,4,PF,5,5,PF,5,5,PF,6,5,NF,6,6,NF,6,6,NF,6,6,NF,7,6,NF,6,6,NF,4,5,PF,4,5,PF,4,4,PF,4,4,PF,4,4,PF,4,4,PF,4,4,PF
178,East Timor,-,-,-,-,-,-,-,-,-,-,-,-,-,-,-,-,-,-,-,-,-,-,-,-,-,-,-,-,-,-,-,-,-,-,-,-,-,-,-,-,-,-,-,-,-,-,-,-,-,-,-,-,-,-,-,-,-,-,-,-,-,-,-,-,-,-,-,-,-,-,-,-,-,-,-,-,-,-,-,-,-,6,4,PF,6,3,PF,5,3,PF,3,3,PF,3,3,PF,3,3,PF,3,3,PF,3,4,PF,3,4,PF,3,4,PF,3,4,PF,3,4,PF,3,4,PF,3,4,PF,3,4,PF,3,3,PF,3,3,PF,3,3,PF,2,3,F,2,3,F,2,3,F,2,3,F,2,3,F,2,3,F,2,3,F
179,Togo,7,5,NF,7,5,NF,7,6,NF,7,6,NF,7,6,NF,7,6,NF,7,6,NF,7,7,NF,7,6,NF,7,6,NF,7,6,NF,7,6,NF,6,6,NF,6,6,NF,6,6,NF,6,6,NF,6,6,NF,6,6,NF,6,6,NF,6,5,NF,6,5,NF,7,5,NF,6,5,NF,6,5,NF,6,5,NF,6,5,NF,6,5,NF,5,5,PF,5,5,PF,5,5,PF,6,5,NF,6,5,NF,6,5,NF,6,5,NF,6,5,NF,5,5,PF,5,5,PF,5,4,PF,5,4,PF,5,4,PF,5,4,PF,4,4,PF,4,4,PF,4,4,PF,4,4,PF,4,4,PF,5,4,PF,5,4,PF,5,4,PF,5,4,PF,5,4,PF,5,4,PF
180,Tonga,4,2,PF,5,3,PF,5,3,PF,5,3,PF,5,3,PF,5,3,PF,5,3,PF,5,3,PF,5,3,PF,5,3,PF,5,3,PF,5,3,PF,5,3,PF,5,3,PF,5,3,PF,5,3,PF,5,3,PF,4,3,PF,3,3,PF,3,3,PF,3,3,PF,5,3,PF,5,3,PF,5,3,PF,5,3,PF,5,3,PF,5,3,PF,5,3,PF,5,3,PF,5,3,PF,5,3,PF,5,3,PF,5,3,PF,5,3,PF,5,3,PF,5,3,PF,5,3,PF,5,3,PF,3,3,PF,3,3,PF,3,2,F,2,2,F,2,2,F,2,2,F,2,2,F,2,2,F,2,2,F,2,2,F,2,2,F,2,2,F,2,2,F,2,2,F
181,Trinidad and Tobago,2,3,F,2,2,F,2,2,F,2,2,F,2,2,F,2,2,F,2,2,F,2,2,F,2,2,F,1,2,F,1,2,F,1,2,F,1,2,F,1,2,F,1,2,F,1,1,F,1,1,F,1,1,F,1,1,F,1,1,F,1,1,F,1,1,F,1,2,F,1,2,F,1,2,F,1,2,F,1,2,F,1,2,F,2,2,F,3,3,PF,3,3,PF,3,3,PF,3,3,PF,3,2,F,2,2,F,2,2,F,2,2,F,2,2,F,2,2,F,2,2,F,2,2,F,2,2,F,2,2,F,2,2,F,2,2,F,2,2,F,2,2,F,2,2,F,2,2,F,2,2,F,2,2,F,2,2,F
182,Tunisia,6,5,NF,6,5,NF,6,5,NF,6,5,NF,6,5,NF,6,5,NF,6,5,PF,6,5,PF,6,5,PF,5,5,PF,5,5,PF,5,5,PF,5,5,PF,5,5,PF,6,5,PF,6,5,PF,6,4,PF,5,3,PF,5,4,PF,5,5,PF,6,5,PF,6,5,NF,6,5,NF,6,5,NF,6,5,NF,6,5,PF,6,5,NF,6,5,NF,6,5,NF,6,5,NF,6,5,NF,6,5,NF,6,5,NF,6,5,NF,6,5,NF,7,5,NF,7,5,NF,7,5,NF,7,5,NF,3,4,PF,3,4,PF,3,3,PF,1,3,F,1,3,F,1,3,F,2,3,F,2,3,F,2,3,F,2,3,F,3,3,PF,4,3,PF,5,3,PF
183,Turkey,3,4,PF,2,4,PF,2,3,F,2,3,F,2,3,F,2,3,F,2,3,F,2,3,F,5,5,PF,5,5,PF,5,5,PF,4,5,PF,3,5,PF,3,5,PF,3,4,PF,2,4,PF,2,4,PF,3,3,PF,2,4,PF,2,4,PF,2,4,PF,4,4,PF,5,5,PF,5,5,PF,4,5,PF,4,5,PF,4,5,PF,4,5,PF,4,5,PF,4,5,PF,3,4,PF,3,4,PF,3,3,PF,3,3,PF,3,3,PF,3,3,PF,3,3,PF,3,3,PF,3,3,PF,3,3,PF,3,4,PF,3,4,PF,3,4,PF,3,4,PF,4,5,PF,5,6,NF,5,6,NF,5,6,NF,5,6,NF,5,6,NF,5,6,NF,5,6,NF
184,Turkmenistan,6,6,NF,6,6,NF,6,6,NF,7,6,NF,7,6,NF,7,6,NF,6,6,NF,6,6,NF,6,7,NF,6,7,NF,6,7,NF,6,7,NF,7,7,NF,7,7,NF,7,7,NF,7,6,NF,6,5,NF,6,5,NF,5,4,PF,6,5,PF,7,6,NF,7,7,NF,7,7,NF,7,7,NF,7,7,NF,7,7,NF,7,7,NF,7,7,NF,7,7,NF,7,7,NF,7,7,NF,7,7,NF,7,7,NF,7,7,NF,7,7,NF,7,7,NF,7,7,NF,7,7,NF,7,7,NF,7,7,NF,7,7,NF,7,7,NF,7,7,NF,7,7,NF,7,7,NF,7,7,NF,7,7,NF,7,7,NF,7,7,NF,7,7,NF,7,7,NF,7,7,NF
185,Tuvalu,-,-,-,-,-,-,-,-,-,-,-,-,-,-,-,-,-,-,2,2,F,2,2,F,2,2,F,1,2,F,1,2,F,1,2,F,1,2,F,1,2,F,1,1,F,1,1,F,1,1,F,1,1,F,1,1,F,1,1,F,1,1,F,1,1,F,1,1,F,1,1,F,1,1,F,1,1,F,1,1,F,1,1,F,1,1,F,1,1,F,1,1,F,1,1,F,1,1,F,1,1,F,1,1,F,1,1,F,1,1,F,1,1,F,1,1,F,1,1,F,1,1,F,1,1,F,1,1,F,1,1,F,1,1,F,1,1,F,1,1,F,1,1,F,1,1,F,1,1,F,1,1,F,1,1,F
186,Uganda,7,7,NF,7,7,NF,7,7,NF,7,7,NF,7,7,NF,7,7,NF,7,7,NF,6,6,NF,4,4,PF,5,5,PF,5,5,PF,4,5,PF,4,5,PF,5,4,PF,5,4,PF,5,4,PF,5,5,PF,6,4,PF,6,5,PF,6,6,NF,6,5,NF,6,5,NF,5,5,PF,5,4,PF,4,4,PF,4,4,PF,4,4,PF,5,5,PF,6,5,PF,6,5,PF,6,4,PF,5,4,PF,5,4,PF,5,4,PF,5,4,PF,5,4,PF,5,4,PF,5,4,PF,5,4,PF,5,4,PF,5,4,PF,6,4,PF,6,5,NF,6,5,NF,6,5,NF,6,4,PF,6,5,NF,6,5,NF,6,5,NF,6,5,NF,6,5,NF,6,5,NF
187,Ukraine,6,6,NF,6,6,NF,6,6,NF,7,6,NF,7,6,NF,7,6,NF,6,6,NF,6,6,NF,6,7,NF,6,7,NF,6,7,NF,6,7,NF,7,7,NF,7,7,NF,7,7,NF,7,6,NF,6,5,NF,6,5,NF,5,4,PF,3,3,PF,3,3,PF,4,4,PF,3,4,PF,3,4,PF,3,4,PF,3,4,PF,3,4,PF,3,4,PF,4,4,PF,4,4,PF,4,4,PF,4,4,PF,4,3,PF,3,2,F,3,2,F,3,2,F,3,2,F,3,2,F,3,3,PF,4,3,PF,4,3,PF,4,3,PF,3,3,PF,3,3,PF,3,3,PF,3,3,PF,3,4,PF,3,3,PF,3,4,PF,3,3,PF,4,4,PF,4,4,PF
188,United Arab Emirates,7,5,NF,6,5,NF,6,5,NF,6,5,NF,5,5,PF,5,5,PF,5,5,PF,5,5,PF,5,5,PF,5,5,PF,5,5,PF,5,5,PF,5,5,PF,5,5,PF,5,5,PF,5,5,PF,5,5,PF,6,5,NF,6,5,NF,6,5,NF,6,5,PF,7,5,NF,6,5,NF,6,5,NF,6,5,NF,6,5,NF,6,5,NF,6,5,NF,6,5,NF,6,5,NF,6,5,NF,6,6,NF,6,6,NF,6,6,NF,6,5,NF,6,5,NF,6,5,NF,6,5,NF,6,5,NF,6,6,NF,6,6,NF,6,6,NF,6,6,NF,6,6,NF,6,6,NF,7,6,NF,7,6,NF,7,6,NF,7,6,NF,7,6,NF,7,6,NF,7,6,NF
189,United Kingdom,1,1,F,1,1,F,1,1,F,1,1,F,1,1,F,1,1,F,1,1,F,1,1,F,1,1,F,1,1,F,1,1,F,1,1,F,1,1,F,1,1,F,1,1,F,1,1,F,1,1,F,1,1,F,1,2,F,1,2,F,1,2,F,1,2,F,1,2,F,1,2,F,1,2,F,1,2,F,1,2,F,1,2,F,1,2,F,1,2,F,1,1,F,1,1,F,1,1,F,1,1,F,1,1,F,1,1,F,1,1,F,1,1,F,1,1,F,1,1,F,1,1,F,1,1,F,1,1,F,1,1,F,1,1,F,1,1,F,1,1,F,1,1,F,1,1,F,1,1,F,1,1,F,1,1,F
190,United States of America,1,1,F,1,1,F,1,1,F,1,1,F,1,1,F,1,1,F,1,1,F,1,1,F,1,1,F,1,1,F,1,1,F,1,1,F,1,1,F,1,1,F,1,1,F,1,1,F,1,1,F,1,1,F,1,1,F,1,1,F,1,1,F,1,1,F,1,1,F,1,1,F,1,1,F,1,1,F,1,1,F,1,1,F,1,1,F,1,1,F,1,1,F,1,1,F,1,1,F,1,1,F,1,1,F,1,1,F,1,1,F,1,1,F,1,1,F,1,1,F,1,1,F,1,1,F,1,1,F,1,1,F,1,1,F,2,1,F,2,1,F,2,1,F,2,2,F,2,2,F,2,2,F,2,2,F
191,Uruguay,3,4,PF,5,5,PF,5,5,PF,5,5,PF,6,6,NF,6,6,NF,6,6,NF,6,6,NF,5,5,PF,5,5,PF,5,5,PF,5,4,PF,5,4,PF,2,2,F,2,2,F,2,2,F,2,2,F,1,2,F,1,2,F,1,2,F,1,2,F,2,2,F,2,2,F,2,2,F,1,2,F,1,2,F,1,2,F,1,2,F,1,1,F,1,1,F,1,1,F,1,1,F,1,1,F,1,1,F,1,1,F,1,1,F,1,1,F,1,1,F,1,1,F,1,1,F,1,1,F,1,1,F,1,1,F,1,1,F,1,1,F,1,1,F,1,1,F,1,1,F,1,1,F,1,1,F,1,1,F,1,1,F
192,USSR,6,6,NF,6,6,NF,6,6,NF,7,6,NF,7,6,NF,7,6,NF,6,6,NF,6,6,NF,6,7,NF,6,7,NF,6,7,NF,6,7,NF,7,7,NF,7,7,NF,7,7,NF,7,6,NF,6,5,NF,6,5,NF,5,4,PF,-,-,-,-,-,-,-,-,-,-,-,-,-,-,-,-,-,-,-,-,-,-,-,-,-,-,-,-,-,-,-,-,-,-,-,-,-,-,-,-,-,-,-,-,-,-,-,-,-,-,-,-,-,-,-,-,-,-,-,-,-,-,-,-,-,-,-,-,-,-,-,-,-,-,-,-,-,-,-,-,-,-,-,-,-,-,-,-,-,-,-,-,-,-,-,-,-,-,-
193,Uzbekistan,6,6,NF,6,6,NF,6,6,NF,7,6,NF,7,6,NF,7,6,NF,6,6,NF,6,6,NF,6,7,NF,6,7,NF,6,7,NF,6,7,NF,7,7,NF,7,7,NF,7,7,NF,7,6,NF,6,5,NF,6,5,NF,5,4,PF,6,5,PF,6,6,NF,7,7,NF,7,7,NF,7,7,NF,7,6,NF,7,6,NF,7,6,NF,7,6,NF,7,6,NF,7,6,NF,7,6,NF,7,6,NF,7,6,NF,7,7,NF,7,7,NF,7,7,NF,7,7,NF,7,7,NF,7,7,NF,7,7,NF,7,7,NF,7,7,NF,7,7,NF,7,7,NF,7,7,NF,7,7,NF,7,6,NF,7,6,NF,7,6,NF,7,6,NF,7,6,NF,7,6,NF
194,Vanuatu,-,-,-,-,-,-,-,-,-,-,-,-,-,-,-,-,-,-,-,-,-,-,-,-,2,3,F,2,2,F,2,2,F,2,4,PF,2,4,PF,2,4,PF,2,4,PF,2,4,PF,2,4,PF,2,3,F,2,3,F,2,3,F,2,3,F,1,2,F,1,3,F,1,3,F,1,3,F,1,3,F,1,3,F,1,3,F,1,3,F,1,3,F,1,2,F,2,2,F,2,2,F,2,2,F,2,2,F,2,2,F,2,2,F,2,2,F,2,2,F,2,2,F,2,2,F,2,2,F,2,2,F,2,2,F,2,2,F,2,2,F,2,2,F,2,2,F,2,2,F,2,2,F,2,2,F,2,2,F
195,Venezuela,2,2,F,2,2,F,2,2,F,2,2,F,1,2,F,1,2,F,1,2,F,1,2,F,1,2,F,1,2,F,1,2,F,1,2,F,1,2,F,1,2,F,1,2,F,1,2,F,1,2,F,1,3,F,1,3,F,1,3,F,3,3,PF,3,3,PF,3,3,PF,3,3,PF,2,3,F,2,3,F,2,3,F,4,4,PF,3,5,PF,3,5,PF,3,4,PF,3,4,PF,3,4,PF,4,4,PF,4,4,PF,4,4,PF,4,4,PF,5,4,PF,5,5,PF,5,5,PF,5,5,PF,5,5,PF,5,5,PF,5,5,PF,6,5,NF,6,5,NF,7,6,NF,7,6,NF,7,6,NF,7,6,NF,7,6,NF,7,6,NF
196,Vietnam,4,5,PF,4,5,PF,4,5,PF,7,7,NF,7,7,NF,7,7,NF,7,7,NF,7,7,NF,7,7,NF,7,6,NF,7,6,NF,7,6,NF,7,6,NF,7,7,NF,7,7,NF,6,7,NF,6,7,NF,7,7,NF,7,7,NF,7,7,NF,7,7,NF,7,7,NF,7,7,NF,7,7,NF,7,7,NF,7,7,NF,7,7,NF,7,7,NF,7,6,NF,7,6,NF,7,6,NF,7,6,NF,7,6,NF,7,5,NF,7,5,NF,7,5,NF,7,5,NF,7,5,NF,7,5,NF,7,5,NF,7,5,NF,7,5,NF,7,5,NF,7,5,NF,7,5,NF,7,5,NF,7,5,NF,7,5,NF,7,6,NF,7,6,NF,7,6,NF,7,6,NF
197,"Vietnam, N.",7,7,NF,7,7,NF,7,7,NF,7,7,NF,-,-,-,-,-,-,-,-,-,-,-,-,-,-,-,-,-,-,-,-,-,-,-,-,-,-,-,-,-,-,-,-,-,-,-,-,-,-,-,-,-,-,-,-,-,-,-,-,-,-,-,-,-,-,-,-,-,-,-,-,-,-,-,-,-,-,-,-,-,-,-,-,-,-,-,-,-,-,-,-,-,-,-,-,-,-,-,-,-,-,-,-,-,-,-,-,-,-,-,-,-,-,-,-,-,-,-,-,-,-,-,-,-,-,-,-,-,-,-,-,-,-,-,-,-,-,-,-,-,-,-,-,-,-,-,-,-,-,-,-,-,-,-,-
198,"Vietnam, S.",4,5,PF,4,5,PF,4,5,PF,7,7,NF,-,-,-,-,-,-,-,-,-,-,-,-,-,-,-,-,-,-,-,-,-,-,-,-,-,-,-,-,-,-,-,-,-,-,-,-,-,-,-,-,-,-,-,-,-,-,-,-,-,-,-,-,-,-,-,-,-,-,-,-,-,-,-,-,-,-,-,-,-,-,-,-,-,-,-,-,-,-,-,-,-,-,-,-,-,-,-,-,-,-,-,-,-,-,-,-,-,-,-,-,-,-,-,-,-,-,-,-,-,-,-,-,-,-,-,-,-,-,-,-,-,-,-,-,-,-,-,-,-,-,-,-,-,-,-,-,-,-,-,-,-,-,-,-
199,Yemen,4,4,PF,5,4,PF,5,4,PF,6,5,NF,6,5,NF,6,5,NF,6,5,NF,6,5,NF,6,5,NF,6,5,NF,6,5,NF,6,5,NF,5,5,PF,5,5,PF,5,5,PF,5,5,PF,5,5,PF,5,5,PF,6,5,PF,6,5,PF,6,4,PF,4,5,PF,5,6,NF,5,6,NF,5,6,NF,5,6,NF,5,6,NF,5,6,NF,5,6,NF,6,6,NF,6,5,NF,5,5,PF,5,5,PF,5,5,PF,5,5,PF,5,5,PF,5,5,PF,6,5,NF,6,5,NF,6,6,NF,6,6,NF,6,6,NF,6,6,NF,7,6,NF,7,6,NF,7,6,NF,7,6,NF,7,6,NF,7,6,NF,7,6,NF,7,6,NF,7,6,NF
200,"Yemen, N.",4,4,PF,5,4,PF,5,4,PF,6,5,NF,6,5,NF,6,5,NF,6,5,NF,6,5,NF,6,5,NF,6,5,NF,6,5,NF,6,5,NF,5,5,PF,5,5,PF,5,5,PF,5,5,PF,5,5,PF,5,5,PF,-,-,-,-,-,-,-,-,-,-,-,-,-,-,-,-,-,-,-,-,-,-,-,-,-,-,-,-,-,-,-,-,-,-,-,-,-,-,-,-,-,-,-,-,-,-,-,-,-,-,-,-,-,-,-,-,-,-,-,-,-,-,-,-,-,-,-,-,-,-,-,-,-,-,-,-,-,-,-,-,-,-,-,-,-,-,-,-,-,-,-,-,-,-,-,-,-,-,-,-,-,-
201,"Yemen, S.",7,7,NF,7,7,NF,7,7,NF,7,7,NF,7,7,NF,7,7,NF,6,7,NF,6,7,NF,6,7,NF,6,7,NF,6,7,NF,6,7,NF,6,7,NF,6,7,NF,6,7,NF,6,7,NF,7,7,NF,7,7,NF,-,-,-,-,-,-,-,-,-,-,-,-,-,-,-,-,-,-,-,-,-,-,-,-,-,-,-,-,-,-,-,-,-,-,-,-,-,-,-,-,-,-,-,-,-,-,-,-,-,-,-,-,-,-,-,-,-,-,-,-,-,-,-,-,-,-,-,-,-,-,-,-,-,-,-,-,-,-,-,-,-,-,-,-,-,-,-,-,-,-,-,-,-,-,-,-,-,-,-,-,-,-
202,Yugoslavia,6,6,NF,6,6,NF,6,6,NF,6,6,NF,6,6,NF,6,5,NF,6,5,NF,6,5,NF,6,5,NF,6,5,NF,6,5,NF,6,5,PF,6,5,PF,6,5,PF,6,5,PF,6,5,PF,5,5,PF,5,4,PF,5,4,PF,6,5,NF,6,5,PF,6,6,NF,6,6,NF,6,6,NF,6,6,NF,6,6,NF,6,6,NF,5,5,PF,4,4,PF,3,3,PF,3,2,F,-,-,-,-,-,-,-,-,-,-,-,-,-,-,-,-,-,-,-,-,-,-,-,-,-,-,-,-,-,-,-,-,-,-,-,-,-,-,-,-,-,-,-,-,-,-,-,-,-,-,-,-,-,-,-,-,-,-,-,-,-,-,-
203,Zambia,5,5,PF,5,5,PF,5,4,PF,5,5,PF,5,5,PF,5,5,PF,5,5,PF,5,5,PF,5,6,PF,5,6,PF,5,6,PF,5,6,PF,5,5,PF,5,5,PF,5,5,PF,5,5,PF,6,5,PF,6,5,PF,6,5,PF,2,3,F,2,3,F,3,4,PF,3,4,PF,3,4,PF,5,4,PF,5,4,PF,5,4,PF,5,4,PF,5,4,PF,5,4,PF,4,4,PF,4,4,PF,4,4,PF,4,4,PF,3,4,PF,3,4,PF,3,3,PF,3,4,PF,3,4,PF,3,4,PF,3,4,PF,3,4,PF,3,4,PF,3,4,PF,4,4,PF,4,4,PF,4,4,PF,4,4,PF,4,4,PF,4,4,PF,4,4,PF,4,4,PF
204,Zimbabwe,6,5,NF,6,5,NF,6,5,NF,6,5,NF,6,5,NF,6,5,NF,5,5,PF,4,4,PF,3,4,PF,3,5,PF,3,5,PF,4,5,PF,4,5,PF,4,6,PF,4,6,PF,5,6,PF,6,5,PF,6,4,PF,6,4,PF,5,4,PF,5,4,PF,5,5,PF,5,5,PF,5,5,PF,5,5,PF,5,5,PF,5,5,PF,6,5,PF,6,5,PF,6,6,NF,6,6,NF,6,6,NF,7,6,NF,7,6,NF,7,6,NF,7,6,NF,7,6,NF,6,6,NF,6,6,NF,6,6,NF,6,6,NF,5,6,NF,5,6,NF,5,5,PF,5,5,PF,6,5,NF,5,5,PF,5,5,PF,6,5,NF,6,5,NF,6,5,NF,6,5,NF
205,Abkhazia,-,-,-,-,-,-,-,-,-,-,-,-,-,-,-,-,-,-,-,-,-,-,-,-,-,-,-,-,-,-,-,-,-,-,-,-,-,-,-,-,-,-,-,-,-,-,-,-,-,-,-,-,-,-,-,-,-,-,-,-,-,-,-,-,-,-,-,-,-,-,-,-,-,-,-,6,5,NF,6,5,NF,6,5,NF,6,5,NF,6,5,NF,6,5,NF,6,5,NF,6,5,NF,5,5,PF,5,5,PF,5,5,PF,5,5,PF,5,5,PF,5,5,PF,5,5,PF,4,5,PF,4,5,PF,4,5,PF,4,5,PF,4,5,PF,4,5,PF,4,5,PF,5,5,PF,5,5,PF,5,5,PF,5,5,PF,5,5,PF
206,Chechnya,-,-,-,-,-,-,-,-,-,-,-,-,-,-,-,-,-,-,-,-,-,-,-,-,-,-,-,-,-,-,-,-,-,-,-,-,-,-,-,-,-,-,-,-,-,-,-,-,-,-,-,-,-,-,-,-,-,-,-,-,-,-,-,-,-,-,-,-,-,-,-,-,-,-,-,-,-,-,6,6,NF,7,7,NF,7,7,NF,7,7,NF,7,7,NF,7,7,NF,7,7,NF,7,7,NF,7,7,NF,7,7,NF,7,7,NF,-,-,-,-,-,-,-,-,-,-,-,-,-,-,-,-,-,-,-,-,-,-,-,-,-,-,-,-,-,-,-,-,-,-,-,-,-,-,-,-,-,-,-,-,-
207,Crimea,-,-,-,-,-,-,-,-,-,-,-,-,-,-,-,-,-,-,-,-,-,-,-,-,-,-,-,-,-,-,-,-,-,-,-,-,-,-,-,-,-,-,-,-,-,-,-,-,-,-,-,-,-,-,-,-,-,-,-,-,-,-,-,-,-,-,-,-,-,-,-,-,-,-,-,-,-,-,-,-,-,-,-,-,-,-,-,-,-,-,-,-,-,-,-,-,-,-,-,-,-,-,-,-,-,-,-,-,-,-,-,-,-,-,-,-,-,-,-,-,-,-,-,-,-,-,7,6,NF,7,6,NF,7,6,NF,7,6,NF,7,6,NF,7,6,NF,7,6,NF,7,6,NF,7,7,NF,7,7,NF
208,Eastern Donbas,-,-,-,-,-,-,-,-,-,-,-,-,-,-,-,-,-,-,-,-,-,-,-,-,-,-,-,-,-,-,-,-,-,-,-,-,-,-,-,-,-,-,-,-,-,-,-,-,-,-,-,-,-,-,-,-,-,-,-,-,-,-,-,-,-,-,-,-,-,-,-,-,-,-,-,-,-,-,-,-,-,-,-,-,-,-,-,-,-,-,-,-,-,-,-,-,-,-,-,-,-,-,-,-,-,-,-,-,-,-,-,-,-,-,-,-,-,-,-,-,-,-,-,-,-,-,-,-,-,-,-,-,-,-,-,-,-,-,-,-,-,7,7,NF,7,7,NF,7,7,NF,7,7,NF,7,7,NF
209,Gaza Strip,-,-,-,-,-,-,-,-,-,-,-,-,-,-,-,-,-,-,-,-,-,-,-,-,-,-,-,-,-,-,-,-,-,-,-,-,-,-,-,-,-,-,-,-,-,-,-,-,-,-,-,-,-,-,-,-,-,-,-,-,-,-,-,-,-,-,-,-,-,-,-,-,-,-,-,-,-,-,-,-,-,-,-,-,-,-,-,-,-,-,-,-,-,-,-,-,-,-,-,-,-,-,-,-,-,-,-,-,-,-,-,-,-,-,6,6,NF,6,6,NF,6,6,NF,7,6,NF,7,6,NF,7,6,NF,7,6,NF,7,6,NF,7,6,NF,7,6,NF,7,6,NF,7,6,NF,7,6,NF,7,7,NF
210,Hong Kong,3,2,PF,-,-,-,3,2,F,3,2,F,3,2,F,3,2,F,3,2,F,4,2,PF,4,2,PF,4,2,PF,4,2,PF,4,2,PF,4,2,PF,4,2,PF,4,2,PF,4,2,PF,4,3,PF,4,3,PF,4,3,PF,4,3,PF,4,3,PF,5,2,PF,5,2,PF,4,2,PF,4,2,PF,6,3,PF,5,3,PF,5,3,PF,5,3,PF,5,3,PF,5,3,PF,5,3,PF,5,2,PF,5,2,PF,5,2,PF,5,2,PF,5,2,PF,5,2,PF,5,2,PF,5,2,PF,5,2,PF,5,2,PF,5,2,PF,5,2,PF,5,2,PF,5,2,PF,5,2,PF,5,3,PF,5,3,PF,6,4,PF,6,4,PF,6,4,PF
211,Indian Kashmir,-,-,-,-,-,-,-,-,-,-,-,-,-,-,-,-,-,-,-,-,-,-,-,-,-,-,-,-,-,-,-,-,-,-,-,-,-,-,-,-,-,-,-,-,-,-,-,-,-,-,-,-,-,-,6,5,NF,6,6,NF,6,6,NF,7,7,NF,7,7,NF,7,7,NF,7,7,NF,7,7,NF,6,6,NF,6,6,NF,6,6,NF,6,6,NF,5,5,PF,5,5,PF,5,5,PF,5,5,PF,5,5,PF,5,4,PF,5,4,PF,4,4,PF,4,5,PF,4,4,PF,4,4,PF,4,4,PF,4,4,PF,4,4,PF,4,4,PF,4,4,PF,4,4,PF,6,5,NF,6,5,NF,6,5,NF,6,5,NF,6,5,NF
212,Israeli-Occupied Territories,-,-,-,-,-,-,-,-,-,-,-,-,-,-,-,-,-,-,-,-,-,-,-,-,-,-,-,-,-,-,-,-,-,-,-,-,-,-,-,-,-,-,-,-,-,-,-,-,-,-,-,-,-,-,-,-,-,-,-,-,-,-,-,-,-,-,-,-,-,-,-,-,6,5,NF,6,5,NF,6,5,NF,6,5,NF,6,6,NF,6,6,NF,6,6,NF,6,6,NF,6,6,NF,6,5,NF,6,5,NF,6,6,NF,6,6,NF,6,6,NF,-,-,-,-,-,-,-,-,-,-,-,-,-,-,-,-,-,-,-,-,-,-,-,-,-,-,-,-,-,-,-,-,-,-,-,-,-,-,-,-,-,-
213,Kosovo,6,6,NF,6,6,NF,6,6,NF,6,6,NF,6,6,NF,6,5,NF,6,5,NF,6,5,NF,6,5,NF,6,5,NF,6,5,NF,6,5,PF,6,5,PF,6,5,PF,6,5,PF,6,5,PF,5,5,PF,5,4,PF,5,4,PF,6,5,NF,6,5,PF,6,6,NF,7,7,NF,7,7,NF,7,7,NF,7,7,NF,7,7,NF,6,6,NF,6,6,NF,6,6,NF,5,5,PF,5,5,PF,6,5,NF,6,5,NF,6,5,NF,6,5,NF,6,5,NF,-,-,-,-,-,-,-,-,-,-,-,-,-,-,-,-,-,-,-,-,-,-,-,-,-,-,-,-,-,-,-,-,-,-,-,-,-,-,-,-,-,-,-,-,-
214,Kurdistan,-,-,-,-,-,-,-,-,-,-,-,-,-,-,-,-,-,-,-,-,-,-,-,-,-,-,-,-,-,-,-,-,-,-,-,-,-,-,-,-,-,-,-,-,-,-,-,-,-,-,-,-,-,-,-,-,-,-,-,-,4,5,PF,4,4,PF,4,4,PF,4,4,PF,6,6,NF,6,6,NF,6,6,NF,6,6,NF,6,6,NF,5,5,PF,5,4,PF,5,4,PF,-,-,-,-,-,-,-,-,-,-,-,-,-,-,-,-,-,-,-,-,-,-,-,-,-,-,-,-,-,-,-,-,-,-,-,-,-,-,-,-,-,-,-,-,-,-,-,-,-,-,-,-,-,-,-,-,-,-,-,-
215,Macao,,,,,,,,,,,,,,,,,,,,,,,,,,,,,,,,,,,,,,,,,,,,,,,,,,,,,,,,,,,,,,,,,,,,,,,,,,,,,,,,,,,,,6,4,PF,6,4,PF,6,4,PF,6,4,PF,-,-,-,-,-,-,-,-,-,-,-,-,-,-,-,-,-,-,-,-,-,-,-,-,-,-,-,-,-,-,-,-,-,-,-,-,-,-,-,-,-,-,-,-,-,-,-,-,-,-,-,-,-,-,-,-,-,-,-,-
216,Nagorno-Karabakh,-,-,-,-,-,-,-,-,-,-,-,-,-,-,-,-,-,-,-,-,-,-,-,-,-,-,-,-,-,-,-,-,-,-,-,-,-,-,-,-,-,-,-,-,-,-,-,-,-,-,-,-,-,-,-,-,-,-,-,-,-,-,-,7,7,NF,7,7,NF,6,6,NF,6,6,NF,5,6,NF,5,5,NF,5,6,NF,5,6,NF,5,6,NF,5,5,PF,5,5,PF,5,5,PF,5,5,PF,5,5,PF,5,5,PF,5,5,PF,5,5,PF,6,5,NF,6,5,NF,5,5,PF,5,5,PF,5,5,PF,5,5,PF,5,5,PF,5,5,PF,5,5,PF,5,5,PF,5,5,PF,5,5,PF,5,5,PF,7,7,NF
217,Northern Cyprus,-,-,-,-,-,-,-,-,-,-,-,-,-,-,-,-,-,-,-,-,-,-,-,-,-,-,-,4,3,PF,4,3,PF,4,3,PF,4,3,PF,3,3,PF,2,3,F,2,3,F,2,3,F,2,2,F,2,2,F,2,2,F,3,3,PF,4,2,PF,4,2,PF,4,2,PF,4,2,PF,4,2,PF,4,2,PF,4,2,PF,2,2,F,2,2,F,2,2,F,2,2,F,2,2,F,2,2,F,2,2,F,2,2,F,2,2,F,2,2,F,2,2,F,2,2,F,2,2,F,2,2,F,2,2,F,2,2,F,2,2,F,2,2,F,2,2,F,2,2,F,3,2,F,3,2,F,3,2,F,3,2,F
218,Northern Ireland,,,,,,,,,,,,,,,,,,,,,,,,,,,,,,,,,,,,,,,,,,,,,,,,,,,,,,,,,,,,,,,,,,,,,,,,,,,,,,,,,,,,,2,2,F,2,2,F,2,2,F,2,2,F,-,-,-,-,-,-,-,-,-,-,-,-,-,-,-,-,-,-,-,-,-,-,-,-,-,-,-,-,-,-,-,-,-,-,-,-,,,,-,-,-,-,-,-,-,-,-,-,-,-,-,-,-,-,-,-,-,-,-
219,Pakistani Kashmir,-,-,-,-,-,-,-,-,-,-,-,-,-,-,-,-,-,-,-,-,-,-,-,-,-,-,-,-,-,-,-,-,-,-,-,-,-,-,-,-,-,-,-,-,-,-,-,-,-,-,-,-,-,-,-,-,-,-,-,-,-,-,-,-,-,-,-,-,-,-,-,-,-,-,-,-,-,-,-,-,-,-,-,-,-,-,-,-,-,-,7,5,NF,7,5,NF,7,5,NF,7,5,NF,7,5,NF,7,5,NF,6,5,NF,6,5,NF,6,5,NF,6,5,NF,6,5,NF,6,5,NF,6,5,NF,6,5,NF,6,5,NF,6,5,NF,6,5,NF,6,5,NF,6,5,NF,6,5,NF,6,5,NF,6,5,NF
220,Palestinian Authority-Administered Territories,-,-,-,-,-,-,-,-,-,-,-,-,-,-,-,-,-,-,-,-,-,-,-,-,-,-,-,-,-,-,-,-,-,-,-,-,-,-,-,-,-,-,-,-,-,-,-,-,-,-,-,-,-,-,-,-,-,-,-,-,-,-,-,-,-,-,-,-,-,-,-,-,5,6,NF,5,6,NF,5,6,NF,5,6,NF,5,6,NF,5,6,NF,5,6,NF,5,6,NF,5,6,NF,5,5,PF,4,6,PF,5,6,NF,5,6,NF,6,6,NF,-,-,-,-,-,-,-,-,-,-,-,-,-,-,-,-,-,-,-,-,-,-,-,-,-,-,-,-,-,-,-,-,-,-,-,-,-,-,-,-,-,-
221,Puerto Rico,2,2,F,-,-,-,2,1,F,2,1,F,2,1,F,2,1,F,2,1,F,2,1,F,2,1,F,2,1,F,2,1,F,2,1,F,2,1,F,2,1,F,2,1,F,2,1,F,2,1,F,1,1,F,1,1,F,1,1,F,1,1,F,1,1,F,1,1,F,1,2,F,1,2,F,1,2,F,1,2,F,1,2,F,1,2,F,1,2,F,1,2,F,1,2,F,1,2,F,1,1,F,1,1,F,1,1,F,1,1,F,1,1,F,1,1,F,1,2,F,1,2,F,1,2,F,1,2,F,1,1,F,-,-,-,-,-,-,-,-,-,-,-,-,-,-,-,-,-,-,-,-,-,-,-,-
222,Somaliland,7,6,NF,7,6,NF,7,6,NF,7,6,NF,7,7,NF,7,7,NF,7,7,NF,7,7,NF,7,7,NF,7,7,NF,7,7,NF,7,7,NF,7,7,NF,7,7,NF,7,7,NF,7,7,NF,7,7,NF,7,7,NF,7,7,NF,7,7,NF,7,7,NF,7,7,NF,7,7,NF,7,7,NF,7,7,NF,7,7,NF,7,7,NF,7,7,NF,6,7,NF,6,7,NF,6,7,NF,6,7,NF,6,7,NF,6,7,NF,7,7,NF,7,7,NF,7,7,NF,5,5,PF,4,5,PF,4,5,PF,4,5,PF,4,5,PF,4,5,PF,5,5,PF,5,5,PF,4,5,PF,4,5,PF,5,5,PF,4,5,PF,4,4,PF,4,4,PF,5,4,PF
223,South Ossetia,-,-,-,-,-,-,-,-,-,-,-,-,-,-,-,-,-,-,-,-,-,-,-,-,-,-,-,-,-,-,-,-,-,-,-,-,-,-,-,-,-,-,-,-,-,-,-,-,-,-,-,-,-,-,-,-,-,-,-,-,-,-,-,-,-,-,-,-,-,-,-,-,-,-,-,-,-,-,-,-,-,-,-,-,-,-,-,-,-,-,-,-,-,-,-,-,-,-,-,-,-,-,-,-,-,-,-,-,7,6,NF,7,6,NF,7,6,NF,7,6,NF,7,6,NF,7,6,NF,7,6,NF,7,6,NF,7,6,NF,7,6,NF,7,6,NF,7,6,NF,7,6,NF,7,6,NF,7,6,NF,7,6,NF
224,Tibet,-,-,-,-,-,-,-,-,-,-,-,-,-,-,-,-,-,-,-,-,-,-,-,-,-,-,-,-,-,-,-,-,-,-,-,-,-,-,-,-,-,-,-,-,-,-,-,-,-,-,-,-,-,-,7,7,NF,7,7,NF,7,7,NF,7,7,NF,7,7,NF,7,7,NF,7,7,NF,7,7,NF,7,7,NF,7,7,NF,7,7,NF,7,7,NF,7,7,NF,7,7,NF,7,7,NF,7,7,NF,7,7,NF,7,7,NF,7,7,NF,7,7,NF,7,7,NF,7,7,NF,7,7,NF,7,7,NF,7,7,NF,7,7,NF,7,7,NF,7,7,NF,7,7,NF,7,7,NF,7,7,NF,7,7,NF,7,7,NF,7,7,NF
225,Transnistria,-,-,-,-,-,-,-,-,-,-,-,-,-,-,-,-,-,-,-,-,-,-,-,-,-,-,-,-,-,-,-,-,-,-,-,-,-,-,-,-,-,-,-,-,-,-,-,-,-,-,-,-,-,-,-,-,-,-,-,-,-,-,-,-,-,-,-,-,-,-,-,-,6,6,NF,6,6,NF,6,6,NF,6,6,NF,6,6,NF,6,6,NF,6,6,NF,6,6,NF,6,6,NF,6,6,NF,6,6,NF,6,6,NF,6,6,NF,6,6,NF,6,6,NF,6,6,NF,6,6,NF,6,6,NF,6,6,NF,6,6,NF,6,6,NF,6,6,NF,6,6,NF,6,6,NF,6,6,NF,6,6,NF,6,6,NF,7,6,NF
226,West Bank,-,-,-,-,-,-,-,-,-,-,-,-,-,-,-,-,-,-,-,-,-,-,-,-,-,-,-,-,-,-,-,-,-,-,-,-,-,-,-,-,-,-,-,-,-,-,-,-,-,-,-,-,-,-,-,-,-,-,-,-,-,-,-,-,-,-,-,-,-,-,-,-,-,-,-,-,-,-,-,-,-,-,-,-,-,-,-,-,-,-,-,-,-,-,-,-,-,-,-,-,-,-,-,-,-,-,-,-,-,-,-,-,-,-,6,5,NF,6,5,NF,6,5,NF,6,5,NF,6,5,NF,6,5,NF,7,5,NF,7,5,NF,7,5,NF,7,5,NF,7,5,NF,7,5,NF,7,5,NF,7,5,NF
227,West Bank and Gaza Strip,-,-,-,-,-,-,-,-,-,-,-,-,-,-,-,5,4,PF,5,4,PF,5,4,PF,5,4,PF,5,5,PF,5,5,PF,5,5,PF,5,5,PF,5,5,PF,5,5,PF,5,5,PF,5,5,PF,6,6,NF,6,6,NF,6,6,NF,6,6,NF,6,5,NF,6,5,NF,6,5,NF,-,-,-,,-,-,-,-,-,-,-,-,-,-,-,-,-,-,-,-,-,-,-,-,-,-,-,-,-,-,-,-,-,-,-,-,-,-,-,-,-,-,-,-,-,-,-,-,-,-,-,-,-,-,-,-,-,-,-,-,-,-,-,-,-,-,-,-,-,-,-,-,-,-,-,-,-,-,-,-,-,-,-,-
228,West Papua,,,,,,,,,,,,,,,,,,,,,,,,,,,,,,,,,,,,,,,,,,,,,,,,,,,,,,,,,,,,,,,,,,,,,,,,,,,,,,,,,,,,,5,5,PF,5,5,PF,5,4,PF,5,4,PF,-,-,-,-,-,-,-,-,-,-,-,-,-,-,-,-,-,-,-,-,-,-,-,-,-,-,-,-,-,-,-,-,-,-,-,-,-,-,-,-,-,-,-,-,-,-,-,-,-,-,-,-,-,-,-,-,-,-,-,-
229,Western Sahara,-,-,-,-,-,-,-,-,-,NF,NF,NF,NF,NF,NF,NF,NF,NF,NF,NF,NF,NF,NF,NF,NF,NF,NF,NF,NF,NF,NF,NF,NF,NF,NF,NF,NF,NF,NF,NF,NF,NF,NF,NF,NF,NF,NF,NF,NF,NF,NF,NF,NF,NF,5,4,PF,6,5,PF,7,5,NF,7,6,NF,7,6,NF,7,6,NF,7,6,NF,7,6,NF,7,6,NF,7,6,NF,7,6,NF,7,6,NF,7,6,NF,7,6,NF,7,6,NF,7,6,NF,7,6,NF,7,6,NF,7,6,NF,7,6,NF,7,6,NF,7,7,NF,7,7,NF,7,7,NF,7,7,NF,7,7,NF,7,7,NF,7,7,NF,7,7,NF,7,7,NF,7,7,NF,7,7,NF,7,7,NF,7,7,NF
230,Greenland,1,1,F,1,1,F,1,1,F,1,1,F,1,1,F,1,1,F,1,1,F,1,1,F,1,1,F,1,1,F,1,1,F,1,1,F,1,1,F,1,1,F,1,1,F,1,1,F,1,1,F,1,1,F,1,1,F,1,1,F,1,1,F,1,1,F,1,1,F,1,1,F,1,1,F,1,1,F,1,1,F,1,1,F,1,1,F,1,1,F,1,1,F,1,1,F,1,1,F,1,1,F,1,1,F,1,1,F,1,1,F,1,1,F,1,1,F,1,1,F,1,1,F,1,1,F,1,1,F,1,1,F,1,1,F,1,1,F,1,1,F,1,1,F,1,1,F,1,1,F,1,1,F,1,1,F
231,Puerto Rico,1,1,F,1,1,F,1,1,F,1,1,F,1,1,F,1,1,F,1,1,F,1,1,F,1,1,F,1,1,F,1,1,F,1,1,F,1,1,F,1,1,F,1,1,F,1,1,F,1,1,F,1,1,F,1,1,F,1,1,F,1,1,F,1,1,F,1,1,F,1,1,F,1,1,F,1,1,F,1,1,F,1,1,F,1,1,F,1,1,F,1,1,F,1,1,F,1,1,F,1,1,F,1,1,F,1,1,F,1,1,F,1,1,F,1,1,F,1,1,F,1,1,F,1,1,F,1,1,F,1,1,F,1,1,F,2,1,F,2,1,F,2,1,F,2,2,F,2,2,F,2,2,F,2,2,F
232,Baykonur Cosmodrome,-,-,-,-,-,-,-,-,-,-,-,-,-,-,-,-,-,-,-,-,-,-,-,-,-,-,-,-,-,-,-,-,-,-,-,-,-,-,-,-,-,-,-,-,-,-,-,-,-,-,-,-,-,-,-,-,-,5,4,PF,5,5,PF,6,4,PF,6,5,NF,6,5,NF,6,5,NF,6,5,NF,6,5,NF,6,5,NF,6,5,NF,6,5,NF,6,5,NF,6,5,NF,6,5,NF,6,5,NF,6,5,NF,6,5,NF,6,5,NF,6,5,NF,6,5,NF,6,5,NF,6,5,NF,6,5,NF,6,5,NF,6,5,NF,7,5,NF,7,5,NF,7,5,NF,7,5,NF,7,5,NF,7,5,NF,7,5,NF,7,5,NF
233,Palestine,-,-,-,-,-,-,-,-,-,-,-,-,-,-,-,5,4,PF,5,4,PF,5,4,PF,5,4,PF,5,5,PF,5,5,PF,5,5,PF,5,5,PF,5,5,PF,5,5,PF,5,5,PF,5,5,PF,6,6,NF,6,6,NF,6,6,NF,6,6,NF,6,5,NF,6,5,NF,6,5,NF,5,6,NF,5,6,NF,5,6,NF,5,6,NF,5,6,NF,5,6,NF,5,6,NF,5,6,NF,5,6,NF,5,5,PF,4,6,PF,5,6,NF,5,6,NF,6,6,NF,NF,NF,NF,NF,NF,NF,NF,NF,NF,NF,NF,NF,NF,NF,NF,NF,NF,NF,NF,NF,NF,NF,NF,NF,NF,NF,NF,NF,NF,NF,NF,NF,NF,NF,NF,NF,NF,NF,NF,NF,NF,NF
